Rank,Grade,Channel name,Video Uploads,Subscribers,Video views,Sentiment
1st,A++ ,Zee TV,82757,18752951,20869786591,neutral
2nd,A++ ,T-Series,12661,61196302,47548839843,neutral
3rd,A++ ,Cocomelon - Nursery Rhymes,373,19238251,9793305082,neutral
4th,A++ ,SET India,27323,31180559,22675948293,neutral
5th,A++ ,WWE,36756,32852346,26273668433,neutral
6th,A++ ,Movieclips,30243,17149705,16618094724,neutral
7th,A++ ,netd müzik,8500,11373567,23898730764,neutral
8th,A++ ,ABS-CBN Entertainment,100147,12149206,17202609850,neutral
9th,A++ ,Ryan ToysReview,1140,16082927,24518098041,neutral
10th,A++ ,Zee Marathi,74607,2841811,2591830307,neutral
11th,A+ ,5-Minute Crafts,2085,33492951,8587520379,neutral
12th,A+ ,Canal KondZilla,822,39409726,19291034467,neutral
13th,A+ ,Like Nastya Vlog,150,7662886,2540099931,neutral
14th,A+ ,Ozuna,50,18824912,8727783225,neutral
15th,A+ ,Wave Music,16119,15899764,10989179147,neutral
16th,A+ ,Ch3Thailand,49239,11569723,9388600275,neutral
17th,A+ ,WORLDSTARHIPHOP,4778,15830098,11102158475,neutral
18th,A+ ,Vlad and Nikita,53,-- ,1428274554,neutral
19th,A+ ,Badabun,3060,23603062,5860444053,neutral
20th,A+ ,WorkpointOfficial,24287,17687229,14022189654,neutral
21st,A+ ,xxxtentacion,48,11593509,2029279311,neutral
22nd,A+ ,Zee Music Company,3403,23440427,11666909155,neutral
23rd,A+ ,SAB TV,19358,11347420,9572788450,neutral
24th,A+ ,DeadloxMC,1833,2137907,245437560,neutral
25th,A+ ,ETV Andhra Pradesh,186194,712562,349096736,neutral
26th,A+ ,Shemaroo Filmi Gaane,5076,14469618,6585569190,neutral
27th,A+ ,ibighit,277,16924523,3437613314,neutral
28th,A+ ,El Reino Infantil,555,15836366,16395683234,neutral
29th,A+ ,Zee Telugu,92250,2902714,2754482753,neutral
30th,A+ ,Kirin AMV's,230,459906,224608044,neutral
31st,A+ ,Zee Bangla,79497,3102246,2867901827,neutral
32nd,A+ ,Stacy Toys,91,5992452,1576070985,neutral
33rd,A+ ,Toys and Colors,127,4746069,2250065105,neutral
34th,A+ ,InfantiLandia,710,7504480,2135402141,neutral
35th,A+ ,Top Breaking News,848,1120620,291002673,positive
36th,A+ ,Colors TV,23504,12466776,8354699608,neutral
37th,A+ ,Goldmines Telefilms,206,14011180,555853544,neutral
38th,A+ ,one31,47805,10878372,7614312491,neutral
39th,A+ ,[토이푸딩] ToyPudding TV,2201,18777612,11920370065,neutral
40th,A+ ,CKN Toys,431,8816598,7498069721,neutral
41st,A+ ,GMA Network,65757,6270681,7373478009,neutral
42nd,A+ ,Zé Neto e Cristiano,102,6154173,3232954352,neutral
43rd,A+ ,Inside Edition,14643,4391875,5542203386,neutral
44th,A+ ,GRAMMY GOLD OFFICIAL,2943,7385239,6480263464,neutral
45th,A+ ,RedeTV,15672,5604245,3317197927,neutral
46th,A+ ,Bouncing Baby TV,30,2869857,493923518,neutral
47th,A+ ,Speed Records,5704,14903053,7823927253,neutral
48th,A+ ,GR6 EXPLODE,2517,16813027,7609346952,neutral
49th,A+ ,Sony Music India,2204,15862389,6738087055,neutral
50th,A+ ,Infobells - Hindi,169,7546139,3919961629,neutral
51st,A+ ,T-Series Apna Punjab,3437,10055513,5384101851,neutral
52nd,A ,T-Series Bhakti Sagar,19447,10796918,4220899885,neutral
53rd,A ,Tips Official,2321,10384600,4589770470,neutral
54th,A ,Ultra Bollywood,10714,10490425,6239740374,neutral
55th,A ,La Granja de Zenón,149,8781935,4473966039,neutral
56th,A ,✿ Kids Diana Show,488,8983362,2492724832,neutral
57th,A ,Boram Tube ToysReview [보람튜브…,136,3052780,849887197,neutral
58th,A ,CVS 3D Rhymes,317,14925769,9454820754,neutral
59th,A ,Maroon5VEVO,111,15720338,10355362290,neutral
60th,A ,الرماس ميوزك,1905,8368289,5172463467,neutral
61st,A ,Pencilmation,348,5283050,2499031601,neutral
62nd,A ,1theK (원더케이),12942,12918410,10657097331,neutral
63rd,A ,Pinkfong! Kids' Songs & Stories,1010,10538694,5761524025,neutral
64th,A ,Ed Sheeran,122,33961184,14521211040,neutral
65th,A ,SonyMusicIndiaVEVO,2958,13215636,6215499269,neutral
66th,A ,Blossom,137,5375332,1251331678,neutral
67th,A ,POPS Kids,3751,5621106,4908451376,neutral
68th,A ,Shemaroo,6466,10846501,4795061785,neutral
69th,A ,Gaane Sune Ansune,1778,9177850,4124067978,neutral
70th,A ,Bolly HD 1080p,250,3832164,1427683110,neutral
71st,A ,Vijay Television,19471,6456081,3686308830,neutral
72nd,A ,DokuzSekiz Müzik,2253,1971613,2559979914,neutral
73rd,A ,FGTeeV,1169,7910214,8437768629,neutral
74th,A ,Erlania e Valentina,543,8900406,2058205665,neutral
75th,A ,Маша и Медведь,568,16638993,16519985673,neutral
76th,A ,Doggy Doggy Play Doh Cartoons,909,9994112,3155585139,neutral
77th,A ,Asianet,31201,3310120,2450108456,neutral
78th,A ,Eros Now,9852,13820875,8651382337,neutral
79th,A ,ChuChu TV Nursery Rhymes & Kids…,254,19641153,15212759916,neutral
80th,A ,Oyuncak Avı,393,3286612,1045924447,neutral
81st,A ,Cauê Moura,487,5184068,518924050,neutral
82nd,A ,Get Movies,2747,20186240,17362242300,neutral
83rd,A ,SMTOWN,3274,15711312,11614803892,neutral
84th,A ,Felipe Neto,1276,25069826,4455604361,neutral
85th,A ,Galinha Pintadinha,47,13312085,9570884138,neutral
86th,A ,YRF,3564,13419831,7280286813,neutral
87th,A ,Dehati India NonVeg Masti,612,4546683,1950903340,neutral
88th,A ,キッズライン♡Kids Line,2712,6421915,5406199624,neutral
89th,A ,LooLoo Kids - Nursery Rhymes and…,481,10813220,4362878210,neutral
90th,A ,Zaz Official,50,649081,242240716,neutral
91st,A ,LazarBeam,959,4791790,1080083584,neutral
92nd,A ,Aditya Music,14744,5940275,3871453495,neutral
93rd,A ,hairong zheng,492,394,254252482,neutral
94th,A ,BRIGHT SIDE,1547,16616187,3132608077,positive
95th,A ,Tekashi 6ix9ine,3,3108447,353018727,neutral
96th,A ,Luccas Neto,487,18703101,3564747380,neutral
97th,A ,NollywoodStreams,1528,2794475,1171653272,neutral
98th,A ,MGR PRODUCTION,2069,733903,401477421,neutral
99th,A ,BeckyGVEVO,53,6658776,3518844458,neutral
100th,A ,GMM GRAMMY OFFICIAL,5980,13426454,13503732638,neutral
101st,A ,LetsGoMartin - Nursery Rhymes,215,3665615,934322434,neutral
102nd,A ,HTV2 Channel,5868,3798574,2073246834,neutral
103rd,A ,Drake - Topic,979,1259842,888928894,neutral
104th,A ,And TV,25709,2963630,2474453105,neutral
105th,A ,Soft Box Türkiye,1487,1810809,1068359427,positive
106th,A ,mmoshaya,716,6832523,3881188263,neutral
107th,A ,Rajshri,5608,8808619,4772954260,neutral
108th,A ,Venus,4138,7878536,2898110156,neutral
109th,A ,BIGFUN,373,-- ,941376171,neutral
110th,A ,Bollywood Classics,1698,5532599,2608650285,neutral
111th,A ,Давай поиграем в…,220,3409426,1101115153,neutral
112th,A ,Webs & Tiaras - Toy Monster…,62,7203358,6727576995,neutral
113th,A ,ImagineDragonsVEVO,94,10753521,5191219894,neutral
114th,A ,Wave Music - Bhojpuri,14307,6133550,3379150048,neutral
115th,A ,CookieSwirlC,2874,9213304,9298343650,neutral
116th,A ,Bee Kids Games - Children TV,740,-- ,414535723,neutral
117th,A ,قناة طيور الجنة |…,2218,9174889,8504219475,neutral
118th,A ,Vidol TV,357,595068,338703141,neutral
119th,A ,SIS vs BRO,253,6579270,2260525646,neutral
120th,A ,BLACKPINK,179,11604439,2947790223,neutral
121st,A ,BillionSurpriseToys - Nursery…,223,16271451,5183283439,neutral
122nd,A ,shakiraVEVO,142,19689891,14533614800,neutral
123rd,A ,Super Simple Songs - Kids Songs,445,11419859,10528195079,positive
124th,A ,Fischer's-フィッシャーズ-,1626,5015503,5418686430,neutral
125th,A ,Animal Family,25,5032200,735698294,neutral
126th,A ,Alan Walker,141,17225892,4666424253,neutral
127th,A ,TheEllenShow,9066,27765423,13403860667,neutral
128th,A ,Family Fun Pack,1253,7552928,10014750723,positive
129th,A ,SebastianYatraVEVO,21,2851437,2034588299,neutral
130th,A ,For Kids Learn,66,647110,129490054,neutral
131st,A ,Fozi Mozi,645,3564584,3232333195,neutral
132nd,A ,Osman Vargas,884,3463566,3661895184,neutral
133rd,A ,AnuelVEVO,29,1100382,651668495,neutral
134th,A ,Goldmines,143,4679372,341081506,neutral
135th,A ,Oops Zeros,514,548850,104953122,neutral
136th,A ,Miss Katy,605,9684269,5704760485,neutral
137th,A ,Las Ratitas,83,5768549,1308569692,neutral
138th,A ,Marília Mendonça,69,9254263,5295016523,neutral
139th,A ,LEGO,19293,6207095,8118958980,neutral
140th,A ,Scopian01,801,1319834,1219988066,neutral
141st,A ,Sonotek Haryanvi,6370,5873167,2130708836,neutral
142nd,A ,DuDuPopTOY,683,4181344,2171187145,neutral
143rd,A ,ChiChi TV Siêu Nhân,421,-- ,2600394871,neutral
144th,A ,MusicTalentNow,1487,-- ,3252752212,neutral
145th,A ,YoungBoy Never Broke Again,186,3318535,1665788162,neutral
146th,A ,Rotana,5635,8539250,5738075498,neutral
147th,A ,Volga Video,28663,6498020,3366976772,neutral
148th,A ,Trap Nation,1458,22331643,7760362155,neutral
149th,A ,FunFun ToyShow,447,4533982,1881201276,neutral
150th,A ,EminemVEVO,80,26650488,11317532576,neutral
151st,A ,Sonotek,8324,6591994,2590857091,neutral
152nd,A ,KanalD,11237,3495070,5091658907,neutral
153rd,A ,Family GamesTV,282,-- ,1287242549,neutral
154th,A ,ZeeQ India,336,2435635,1105398427,neutral
155th,A ,Nick Jr.,1817,3698840,3081781019,neutral
156th,A ,eltrece,79561,4386345,4279834573,neutral
157th,A ,KH Show,31,-- ,106302038,neutral
158th,A ,Worldwide Records Bhojpuri,1872,5264436,2669933333,neutral
159th,A ,Marshmello,187,19005512,3242956390,neutral
160th,A ,Geet MP3,144,5743286,1341490754,neutral
161st,A ,KiKiDo,263,2390570,1130123412,neutral
162nd,A ,CanalKids HD,1500,4298926,1719001155,neutral
163rd,A ,Toys And Little Gaby,192,4016859,859912280,negative
164th,A ,Lady Diana,183,2417650,675927454,neutral
165th,A ,Mazhavil Manorama,28157,3021268,2625773225,neutral
166th,A ,etvteluguindia,61222,4560715,4163302219,neutral
167th,A ,Rainbow ToyTocToc,204,2503093,609961488,neutral
168th,A ,Ultra Music,3586,14813447,9083272850,neutral
169th,A ,Boo Kids,19,574063,114287401,neutral
170th,A ,Boram Tube Vlog [보람튜브…,53,595409,145148497,neutral
171st,A ,ThaiCh8 : ช่อง 8,41034,4830567,3581877042,neutral
172nd,A ,Baby Big Mouth,3177,9038516,10463073138,neutral
173rd,A ,Daddy Yankee,319,16490453,5770555736,neutral
174th,A ,Televisa Telenovelas,14374,5195767,2964680826,neutral
175th,A ,Dude Perfect,185,34489432,6095981611,positive
176th,A ,LES BOYS TV2,116,-- ,387595623,neutral
177th,A ,LuisFonsiVEVO,54,18753006,9179054584,neutral
178th,A ,BabyBus - Kids TV - Songs & Stories,1582,2217196,1547446077,neutral
179th,A ,YRF Music,1047,5555085,2810150130,neutral
180th,A ,1000virtudes,59,770249,170131284,neutral
181st,A ,BIBO TOYS,313,-- ,1574657579,neutral
182nd,A ,Team Films Bhojpuri,14690,4481993,2147683870,neutral
183rd,A ,ChainsmokersVEVO,123,12482234,7310645610,neutral
184th,A ,Strawberry Jam Toys,1101,1967981,629774385,neutral
185th,A ,Mnet Official,10515,4341384,3078108849,neutral
186th,A ,ETV Jabardasth,3256,4025243,2988842536,neutral
187th,A ,Ryan's Family Review,313,2578422,3058055395,neutral
188th,A ,ArianaGrandeVevo,81,19188513,9364195758,neutral
189th,A ,Cardi B,32,6199546,1706942190,neutral
190th,A ,Kids Tv Show,8,-- ,86516866,neutral
191st,A ,OLIE THE CUB,546,5045423,1451072025,neutral
192nd,A ,BERITA TERBARU HD,4873,140363,86550277,neutral
193rd,A ,Happy Funny Kids Toys Pretend Play,850,-- ,1778372917,positive
194th,A ,jbalvinVEVO,128,14086158,10274251157,neutral
195th,A ,Senya ToysReview,84,1610241,519942081,neutral
196th,A ,Sen Anlat Karadeniz,681,2512665,1221563028,neutral
197th,A ,Mr. Gengar,2032,1057326,767545532,neutral
198th,A ,Learn Colors Keiki,6,-- ,89116512,neutral
199th,A ,WatchMojo.com,15345,18586234,11155709987,neutral
200th,A ,Troom Troom,644,8817758,2641942608,neutral
201st,A ,JesseAndMike,393,6132965,4615275531,neutral
202nd,A ,TotoyKids,709,10731825,5320123608,neutral
203rd,A ,Learn and Play,146,2913780,699759061,neutral
204th,A ,Aaj Tak,79184,9592793,2797505747,neutral
205th,A ,Ninja,720,17828322,1284842810,neutral
206th,A ,CartoonKiDS BR,919,3742294,1269907194,neutral
207th,A ,Emily Tube,484,7500762,2489237217,neutral
208th,A ,عائلة فيحان,603,3363912,2084734767,neutral
209th,A ,Cartoon Network,6453,3571762,3374207995,neutral
210th,A ,Ly LY ToysReview,33,-- ,90941513,neutral
211th,A ,KatyPerryVEVO,125,26712128,16244535352,neutral
212th,A ,BCC Trolling,3412,7468094,1724254525,neutral
213th,A ,DanTDM,2917,20198608,13558498013,neutral
214th,A ,Beat chất lượng cao,563,-- ,622132999,neutral
215th,A ,David Dobrik,481,8886600,2964214601,neutral
216th,A ,東海オンエア,1083,3600345,2612633025,neutral
217th,A ,AmusementForce,6479,3041069,2218545018,neutral
218th,A ,Funny Sofia Show,71,3611388,735430833,positive
219th,A ,KBS World TV,32124,7390999,5223168496,neutral
220th,A ,Mikecrack,1135,6085829,1873472207,neutral
221st,A ,Peppa Pig - Official Channel,272,5791309,2006762385,neutral
222nd,A ,Genevieve's Playhouse - Toy…,420,5903099,2926005920,neutral
223rd,A ,ItsFunneh,903,3031264,1894890613,neutral
224th,A ,Purana Hindustan,91,-- ,501921413,neutral
225th,A ,DisneyChannelLA,3526,9774825,7561193043,neutral
226th,A ,Lucas and Marcus,341,11664682,2546704375,neutral
227th,A ,Haryanvi Maina,3285,6257643,2787342302,neutral
228th,A ,BuzzFeedVideo,5476,17357278,13969280371,neutral
229th,A ,toycantando,278,8368583,4163736216,neutral
230th,A ,David Guetta,446,18394349,9928572340,neutral
231st,A ,Happy Lives,188,-- ,515722472,positive
232nd,A ,Synergy تامر مرسي,2850,1241829,856728863,neutral
233rd,A ,Cole Bennett - Lyrical Lemonade,310,5251860,1555442427,neutral
234th,A ,GMA Public Affairs,14974,2504473,1667235507,neutral
235th,A ,Salih Reis'in Dünyası,237,-- ,2197191069,neutral
236th,A ,News ThatMatter,365,-- ,77361248,neutral
237th,A ,IndiaTV,120243,6576438,2865575385,neutral
238th,A ,Beam Copphone,1140,1054924,1294100847,neutral
239th,A ,PlayGammer100,7,-- ,261227,neutral
240th,A ,Venus Movies,2830,5721768,2328521668,neutral
241st,A ,Kids smile TV,70,2119502,746637831,positive
242nd,A ,Saturday Night Live,6422,6436457,4744558944,positive
243rd,A ,PopularMMOs,4214,15359835,11881872033,neutral
244th,A ,Maria Clara & JP,392,3967499,1036658065,neutral
245th,A ,Lizos Music,256,3289111,3555452040,neutral
246th,A ,SiaVEVO,93,10579862,6599433518,neutral
247th,A ,MTZ Manuel Turizo,9,3531337,1748814742,neutral
248th,A ,GENIAL,1252,9473119,1293790665,neutral
249th,A ,НТВ,33626,3083128,3084104476,neutral
250th,A ,NaoFun Toys,1893,9515204,4889864688,neutral
251st,A ,Россия 24,111520,2165801,2298969489,neutral
252nd,A ,LosAngelesAzulesVEVO,63,1673608,2633311383,neutral
253rd,A ,Green Gold,583,4035116,2000802080,negative
254th,A ,Flipkart,604,-- ,718345351,neutral
255th,A ,はじめしゃちょー（hajime）…,1713,6880324,5414528635,neutral
256th,A ,Los Juguetes BB,114,-- ,82824448,neutral
257th,A ,NickyJamTV,215,16120428,10323118073,neutral
258th,A ,Hear This Music,26,8453220,4298092532,neutral
259th,A ,Flow La Movie,19,3906670,1310514561,neutral
260th,A ,SyrebralVibes,255,1726047,1035058136,neutral
261st,A ,RsiamMusic :…,1716,11037799,7248944248,neutral
262nd,A ,Mister Max,692,8674860,5793558805,neutral
263rd,A ,Mister Bean Number One Fan in HD -…,1764,4104585,1527175809,neutral
264th,A ,Aditya Movies - Telugu & Hindi,3692,2258716,919189826,neutral
265th,A ,CNN,142427,4686757,3574418617,neutral
266th,A ,RomeoSantosVEVO,139,9198180,6898631721,neutral
267th,A ,ครู นกเล็ก,1795,4525326,4129499307,neutral
268th,  ,MidnightXChannel,--,-- ,190256974,neutral
269th,A ,VanossGaming,859,23590547,9880562011,neutral
270th,A ,Spinnin' Records,8758,22981517,13426887749,neutral
271st,A ,Guava Juice,1165,11524140,4631090552,neutral
272nd,A ,Little Baby Bum - Nursery Rhymes &…,680,16355206,17470709876,negative
273rd,A ,Armoo,177,407066,87279803,neutral
274th,A ,Toys Unlimited,1498,5936545,4000941387,neutral
275th,A ,5-Minute Crafts KIDS,908,6646318,1262160532,neutral
276th,A ,IndiaiStore,6,192230,70748180,neutral
277th,A ,ToysPlay,98,956357,413449527,neutral
278th,A ,Fueled By Ramen,1147,11041504,9921804596,neutral
279th,A ,Star Casablanca | نجوم…,533,3850735,1477710857,neutral
280th,A ,Lachlan,2999,7470765,1774695359,neutral
281st,A ,El Reino a Jugar,248,4554690,2087077770,neutral
282nd,A ,DopeLyrics,526,2726479,1532978759,neutral
283rd,A ,CalvinHarrisVEVO,103,12841749,9509573498,neutral
284th,A ,Wow Kidz,3332,5241934,3537059454,positive
285th,A ,SriBalajiMovies,18006,4504323,3345586246,neutral
286th,A ,Blippi Español,44,2196327,862348058,neutral
287th,A ,Just Kidding Pranks,708,2258303,1471393006,neutral
288th,A ,"せんももあいしーCh Sen,…",2512,3727952,3769698238,neutral
289th,A ,Mnet K-POP,12959,8046493,4436534481,neutral
290th,A ,Bounce Patrol Kids,145,4000495,2577351909,neutral
291st,A ,Blippi Toys,107,2358324,1810656447,neutral
292nd,A ,Sham Drama شام دراما,6494,-- ,885923365,negative
293rd,A ,The ACE Family,353,11312621,1726592121,neutral
294th,A ,Kırgın Çiçekler,2805,1050905,1630495982,neutral
295th,A ,ThaliaVEVO,131,2346267,2374791524,neutral
296th,A ,Raffy Tulfo in Action,1649,1446017,615545631,positive
297th,A ,Phim HOT TK-L,2529,1221977,699287518,positive
298th,A ,KSI,1164,19631845,4491304033,neutral
299th,A ,Logan Paul Vlogs,562,18487595,3981804622,neutral
300th,A ,Come Play With Me,189,4013370,3897267590,neutral
301st,A ,SonyMusicSouthVEVO,3513,4577095,3540450188,neutral
302nd,A ,michaeljacksonVEVO,92,8529288,5616336614,neutral
303rd,A ,MBCentertainment,58514,4030820,5187454046,neutral
304th,A ,MrBeast,676,7990777,896576201,neutral
305th,A ,TaylorSwiftVEVO,86,28133287,15476966737,neutral
306th,A ,JuegaGerman,1467,28889480,7825801479,neutral
307th,A ,DrakeVEVO,38,9987454,4908039128,neutral
308th,A ,حِرف إبداعية في 5…,845,2599157,567724680,neutral
309th,A ,Jake Paul,694,16902261,4939708131,neutral
310th,A ,jypentertainment,797,9509594,4761221692,neutral
311th,A ,Just For Laughs Gags,4146,7985983,4340439049,neutral
312th,A ,Anand Audio,3426,2306908,1228011095,neutral
313th,A ,La Rosa Hd,1459,2287705,1099701030,neutral
314th,A ,MalumaVEVO,90,15164001,10120591416,neutral
315th,A ,icanrockyourworld,8,3891968,2420286079,neutral
316th,A ,La Rosa de Guadalupe,1454,3424646,1415089435,neutral
317th,A ,Tom Slime,289,2651748,750583917,neutral
318th,A ,T-Play,116,1638966,518466711,neutral
319th,A ,Caso Cerrado,2646,3932772,2203762925,neutral
320th,A ,Coldplay,202,12635238,7881678521,neutral
321st,A ,realnollywoodclips,2898,3840010,1222587049,neutral
322nd,A ,Rahatlatıcı Videolar,218,817938,214359214,neutral
323rd,A ,Ghiền Phim Hàn,854,-- ,1072407139,neutral
324th,A ,GMA News,269065,2599175,2786949164,neutral
325th,A ,Hamtaro Gasa,395,976130,651702290,neutral
326th,A ,Candy Play TV Russian,198,709587,166534634,neutral
327th,A ,Bollywood Event Talkies,10,-- ,350,neutral
328th,A ,SSSniperWolf,1930,11657566,2537293803,neutral
329th,A ,Stephen Sharer,390,4149328,1410581249,neutral
330th,A ,Toys Kids TV,52,2822933,514414041,neutral
331st,A ,Brancoala,692,3938021,1942176648,neutral
332nd,A ,Rainbow Learning,922,4512958,1946973161,neutral
333rd,A ,Markiplier,4196,21770508,10053970560,neutral
334th,A ,Smile 4ever,115,636609,102185590,positive
335th,A ,ninja,6,547,2127264,neutral
336th,A ,Cut,819,5961268,1709469538,neutral
337th,A ,MikelTube,557,1992474,1230314566,neutral
338th,A ,Çizgi Film Oyuncakları,31,2648105,510380802,neutral
339th,A ,Soulstice Music Group,11,92158,63748543,neutral
340th,A ,الحب لا يفهم الكلام,148,912967,448991721,neutral
341st,A ,Codiscos,5179,3865413,2906524921,neutral
342nd,A ,VEGETTA777,4710,23775389,9365416666,neutral
343rd,A ,Kammy TV,19,480785,95827909,neutral
344th,A ,Amazing Kids Toys Review,431,5005927,1273050905,positive
345th,A ,NoCopyrightSounds,524,18178014,4912160820,neutral
346th,A ,Collins Key,216,13779702,2201959243,neutral
347th,A ,Jhankar Station 07,205,-- ,78360362,neutral
348th,A ,tlc uk,1355,1625205,977945315,neutral
349th,A ,Enes Batur,1659,8427099,3675163152,neutral
350th,A ,Goldmines Hindi,292,1719279,544187059,neutral
351st,A ,Penguins TV,209,1121491,147266521,neutral
352nd,A ,Think Music India,2356,3181532,1947872233,neutral
353rd,A ,Rawan and Rayan,304,2510058,543214595,neutral
354th,A ,EnriqueIglesiasVEVO,129,13859359,11245381351,neutral
355th,A ,OmFut,4534,1263614,359983508,neutral
356th,A ,jacksepticeye,3883,20279518,10029328079,neutral
357th,A ,thairath,93500,3992315,2493477931,neutral
358th,A ,Purani Kahani,66,-- ,205282926,neutral
359th,A ,Você Sabia?,599,15494356,1605548778,neutral
360th,A ,Barcroft TV,2133,5303195,4163257751,neutral
361st,A ,DisneyMusicVEVO,714,11055805,6910079660,neutral
362nd,A ,Martin Garrix,90,10432036,2856357178,neutral
363rd,A ,Ali-A,2914,14847336,3890903315,neutral
364th,A ,Nickelodeon,2856,4493420,2664911984,neutral
365th,A ,MBC مصر,7783,4762083,2868206239,neutral
366th,A ,rezendeevil,6515,19251064,6724579643,neutral
367th,A ,TimKo Kid,230,1985005,671623629,neutral
368th,A ,Wiz Khalifa,441,16079571,7977828657,neutral
369th,A ,shfa,328,2009235,636233141,neutral
370th,A ,ABS-CBN News,80773,4545223,3420909679,neutral
371st,A ,RizaNovaUZ,8749,2220541,2254176139,neutral
372nd,A ,Super Polina,253,3017957,730924615,positive
373rd,A ,infobells - Telugu,168,4290854,2352013080,neutral
374th,A ,Bruno Mars,66,22429704,9585784755,neutral
375th,A ,Atlantic Records,1051,8372200,7657631499,neutral
376th,A ,Kinder Spielzeug Kanal,413,1125064,549165956,neutral
377th,A ,خليجية,12492,3058938,1932816826,neutral
378th,A ,KN Channel,559,4172856,2133463422,neutral
379th,A ,BANGTANTV,876,11384073,1716165250,neutral
380th,A ,Chotoonz TV,1031,3886360,2653184170,neutral
381st,A ,Letupita725HD★,1824,1952190,2634818164,neutral
382nd,A ,Pina Records,314,8053378,4579379824,neutral
383rd,A ,El Blog del Narco,4449,-- ,70680037,neutral
384th,A ,Ultra Regional,3502,2775635,1733863531,neutral
385th,A ,Muselk,1232,6735667,1909329812,neutral
386th,A ,avex,9197,4184884,6194595714,neutral
387th,A ,The Late Late Show with James…,2798,16032156,4718424990,negative
388th,A ,White Hill Music,2709,4990716,2003373411,neutral
389th,A ,Turma da Mônica,695,8831316,6994765647,neutral
390th,A ,Bad Bunny,11,12685253,2612504875,negative
391st,A ,Like Nastya,214,9702841,2582895675,neutral
392nd,A ,apple kids,70,-- ,370257049,neutral
393rd,A ,DLS News,1579,-- ,514253195,neutral
394th,A ,Thơ Nguyễn,630,4808885,2489747155,neutral
395th,A ,Hasbro,8177,2646160,3506432060,neutral
396th,A ,prenses elif,4313,2450645,3597618217,neutral
397th,A ,ARY Digital,14632,4020969,2036985343,neutral
398th,A ,Dessin Animé pour Enfants,37,1313196,393630715,neutral
399th,A ,Telemundo,14718,5410907,3383609663,neutral
400th,A ,Izabeloi,104,718687,175347702,neutral
401st,A ,IGN,129191,10679348,8056294817,neutral
402nd,A ,Shoof Drama | شوف دراما,4267,1489506,729940719,neutral
403rd,A ,Flowers Comedy,2689,2114721,1512264736,neutral
404th,A ,Got Talent Global,992,5018248,2143367052,neutral
405th,A ,Alpha TV Greece,16299,340403,410943636,neutral
406th,A ,FunToysMedia,369,4363996,1910133334,neutral
407th,A ,HaAshVEVO,132,4159780,3687360151,neutral
408th,A ,Goo Goo Colors,136,1466132,565375531,neutral
409th,A ,Stone Music Entertainment,4889,5116532,3865093349,neutral
410th,A ,HIMAWARIちゃんねる,945,1178829,1500659550,neutral
411th,A ,ABC Kids TV,164,-- ,581905887,neutral
412th,A ,Jingle Toons,166,5699402,1982602090,neutral
413th,A ,Cartoon Network UK,2740,2516727,1768852473,neutral
414th,A ,TheGrefg,2162,7624064,1783864167,neutral
415th,A ,大劇獨播MZTV,5904,1078228,1112855844,neutral
416th,A ,MEGA Oficial,18326,3977783,3031861293,neutral
417th,A ,AuthenticGames,3442,15018366,6057239871,neutral
418th,A ,KHANDESHI MOVIES,46,3804619,716709482,neutral
419th,A ,Princess Hime Suite…,1351,1212057,2734803314,neutral
420th,A ,Blippi,146,2562315,2129623713,neutral
421st,A ,Поззи,1591,4036875,1744990310,neutral
422nd,A ,Chad Wild Clay,240,4308377,743249597,positive
423rd,A ,Dr. Phil,7344,3048075,2462265858,neutral
424th,A ,RCM Music Bhojpuri,3226,2348868,715715655,neutral
425th,A ,OYUNCAKOYNUYORUM,445,2040038,983320601,neutral
426th,A ,Art TV,63,978949,471248782,neutral
427th,A ,POPS MUSIC,27103,5620849,5783417467,neutral
428th,A ,ĐÔNG TÂY PROMOTION OFFICIAL,6013,2937893,1894511245,neutral
429th,A ,Totoykids Español,331,2719453,1030161157,neutral
430th,A ,Los Juguetes Son Divertidos,68,2382616,551969826,neutral
431st,A ,RCTI - LAYAR DRAMA INDONESIA,27261,2564421,2394808587,neutral
432nd,A ,Kluna Tik Compilations Channel,89,2308056,905063331,neutral
433rd,A ,CreativeKids,425,1674121,1365779337,neutral
434th,A ,As Aventuras de Poliana,417,2507568,474832282,neutral
435th,A ,La Academia 2018,3367,75204,55530034,neutral
436th,A ,JustinBieberVEVO,123,34284457,17806717170,neutral
437th,A ,MK MUSIC,2922,5340320,2180744624,neutral
438th,A ,LIV Kids Hindi,1448,1637590,802845001,neutral
439th,A ,SuperMarioLogan,556,6284767,3429851617,neutral
440th,A ,MigosVEVO,46,2025006,996504205,neutral
441st,A ,HUM TV,13570,3156767,2240702588,neutral
442nd,A ,AMARIN TVHD,71230,3460726,2713462365,neutral
443rd,A ,เรื่องเล่าเช้านี้…,55857,3551228,2355053169,neutral
444th,A ,TravisScottVEVO,35,2020441,1017381875,neutral
445th,A ,FAMILY BOX,474,1155142,724294260,neutral
446th,A ,Bebe Rexha,55,4988442,1653213776,neutral
447th,A ,水溜りボンド,1385,3392050,1934297777,neutral
448th,A ,Zee Tamil,48916,2805442,1954282147,neutral
449th,A ,Clean Bandit,67,6067950,3889083754,positive
450th,A ,Sesame Street,2588,4043040,5203293409,neutral
451st,A ,HikakinTV,2498,6544181,5141974207,neutral
452nd,A ,TygaVEVO,119,3583808,1761645630,neutral
453rd,A ,Toys Make Me Smile,75,3862981,1167700114,positive
454th,A ,Smooth POV,80,358149,76656569,positive
455th,A ,Ms. Hoi An,179,17669,60612460,neutral
456th,A ,Camarroket,55,1401968,333811236,neutral
457th,A ,Hüseyin Kuzu,8,334698,41216964,neutral
458th,A ,Bi Bi TV,15,-- ,189292327,neutral
459th,A ,Ch7HD,12892,3847648,1937954166,neutral
460th,A ,Funny Family Games TV,542,1347687,1707375215,positive
461st,A ,E! Red Carpet & Live Events,5448,135115,178350550,positive
462nd,A ,Luisito Comunica,532,17945959,2051125858,neutral
463rd,A ,Tiana,113,3101776,606853080,neutral
464th,A ,Team Coco,7172,6387141,4862689027,neutral
465th,A ,Survival Life,140,979196,323870835,neutral
466th,A ,Zee Kannada,60513,1416231,1035395290,neutral
467th,A ,Peppa Pig English Episodes,130,1093254,65664124,neutral
468th,A ,Henrique e Juliano,162,7949807,5179163640,neutral
469th,A ,SurpriseJoe,48,2540686,386270219,neutral
470th,A ,Câmeras Escondidas Programa Silvio…,854,2914807,1170885826,neutral
471st,A ,Talent Recap,1891,1894980,1348031374,neutral
472nd,A ,Kids World TV,71,129991,83462115,neutral
473rd,A ,TheWeekndVEVO,44,11386718,6743491448,neutral
474th,A ,Pop Chartbusters,1897,4422554,2361822451,neutral
475th,A ,reikVEVO,162,3671418,2858271708,neutral
476th,A ,Mimonona Stories,260,3061713,866717463,neutral
477th,A ,AzzyLand,869,5135349,1343344807,neutral
478th,A ,Genierock,845,9229278,7597128741,neutral
479th,A ,DenLion TV,94,1213669,340773472,neutral
480th,A ,Jaeguchi,99,635626,279116731,neutral
481st,A ,FBE,1723,17927894,7029613955,neutral
482nd,A ,FAP TV,364,6959392,2664624642,neutral
483rd,A ,V6 News Telugu,98889,2464042,1966034210,neutral
484th,A ,MoBro94 Production,170,164336,89243332,neutral
485th,A ,HTV Entertainment,10323,3389469,1825619072,neutral
486th,A ,Dima Kids TV,172,4723922,1063983913,neutral
487th,A ,★ Миёк ★,92,425702,71272697,neutral
488th,A ,Kiddiestv Hindi,76,1933580,619646473,neutral
489th,A ,DreamWorksTV,3805,4652958,3205836807,neutral
490th,A ,#Refugio Mental,312,5895361,1262196983,negative
491st,A ,Bollywood Central,6630,41399,51660243,neutral
492nd,A ,shane,1724,16966855,4241490038,neutral
493rd,A ,Swan The Voice - Néo & Swan,1297,3178186,2553263519,neutral
494th,A ,Smosh,1005,23439171,7606645215,neutral
495th,A ,Vn Kids,441,-- ,1189373100,neutral
496th,A ,Imagine your Korea,247,75635,235743811,neutral
497th,A ,Jorge e Mateus Oficial,232,7865077,3677335841,neutral
498th,A ,Lifetime,7470,2075757,2156357155,neutral
499th,A ,Official Pink Panther,428,4393726,2440245047,negative
500th,A ,Миллион Сюрпризов,161,746287,188785092,neutral
501st,A ,Linkin Park,491,12586430,6185387985,neutral
502nd,A ,Sony PAL,7401,3186413,1565396141,neutral
503rd,A ,Dua Lipa,80,7846973,2677839550,neutral
504th,A ,Wish Shopping,137,142215,1637310766,neutral
505th,A ,ABC News,43754,4406595,4274525661,neutral
506th,A ,AAAjoken toys,1912,2883199,3702280518,neutral
507th,A ,StarPlus,6731,6558413,1430595927,neutral
508th,A ,Alena Kids & Nursery Rhymes Songs,16,6759682,802308602,neutral
509th,A ,ShawnMendesVEVO,102,11576519,5074341586,neutral
510th,A ,YL Toys Collection,871,-- ,903664776,neutral
511th,A ,Baby Show TV,269,1081947,216607117,neutral
512th,A ,A&E,5774,1240714,1136242065,neutral
513th,A ,SonicToy소닉토이,351,1596886,890757462,neutral
514th,A ,TheOdd1sOut,103,8219221,1323067089,neutral
515th,A ,The Dodo,4545,2573697,1021818911,neutral
516th,A ,TOP 5 ALLTIME,266,1032144,123680725,positive
517th,A ,Willyrex,4319,12372954,2856472636,neutral
518th,  ,Dusama Pets TV,--,-- ,91601494,neutral
519th,A ,DramaFever,7187,4138406,3204947818,neutral
520th,A ,Princess Bánh Bao,524,2704797,1052894547,neutral
521st,A ,HAITHAM XD,540,-- ,165291810,neutral
522nd,A ,KOCOWA TV,3599,1554375,626173223,neutral
523rd,A ,BeyoncéVEVO,131,13756259,8783839912,neutral
524th,A ,enchufetv,1042,18107011,6124740074,neutral
525th,A ,Tu COSMOPOLIS,1296,7193726,1212565094,neutral
526th,A ,Chill Nation,950,5660253,1587934374,neutral
527th,A ,Mr Bean,1289,9261717,3828620969,neutral
528th,A ,Eh Bee Family,646,7329039,1706535902,neutral
529th,A ,SagaHits,2182,1925572,870813464,neutral
530th,A ,ChuChuTV Español,154,3798576,1520109928,neutral
531st,A ,Makiman131,2347,9029397,2077030265,neutral
532nd,A ,5-Minute Crafts GIRLY,688,5147303,704498710,neutral
533rd,A ,Alex Rose,36,695350,244495180,positive
534th,A ,SevenSuperGirls,2180,9038535,5239447293,neutral
535th,A ,GMMTV,6013,3417409,2119946185,neutral
536th,A ,So Yummy,142,3084830,601894019,neutral
537th,A ,Susi kids TV,401,970848,739666244,neutral
538th,A ,DEL Records,1940,4726416,3573270201,neutral
539th,A ,Mor Haryanvi,1530,3487950,1845375376,neutral
540th,A ,Kid Dinosaurs TV - Nursery Rhymes…,117,-- ,50047778,neutral
541st,A ,MBCdrama,40464,1905984,2066100793,neutral
542nd,A ,Arthur HD,388,884696,314026490,neutral
543rd,A ,Funny Hill,125,309044,129401025,positive
544th,A ,ExtremeToys TV,198,3149612,1677529254,neutral
545th,A ,TV9 Telugu,70114,2228419,1508118007,neutral
546th,A ,MNCTV Official,13658,2065192,1301504088,neutral
547th,A ,Shree Jee - Bhakti,288,1697335,257776678,neutral
548th,A ,Daily Dose Of Internet,248,3213494,619930129,neutral
549th,A ,ESPN,15406,3809945,1831219507,neutral
550th,A ,WE CAN SPIRIT,382,-- ,334591821,neutral
551st,A ,Zic Zic,235,4819898,1213718048,neutral
552nd,A ,PomPom Toys,2102,5846998,2966524671,neutral
553rd,A ,Charlie Puth,78,12768568,4986609952,neutral
554th,A ,disneyjunior,1270,2744626,2005878459,neutral
555th,A ,LEGENDA FUNK,3454,6370205,1335943968,neutral
556th,A ,Mr. .X,734,848717,515985070,neutral
557th,A ,Baraw Amanj,2368,-- ,203149321,neutral
558th,A ,ميلاد يوسف Milad youssef,1378,1384292,1329783176,neutral
559th,A ,Calon Sarjana,615,5076689,1020204868,neutral
560th,A ,Wild 'N Out,289,2364613,1018207318,positive
561st,A ,atv,12979,2970128,3286329190,neutral
562nd,A ,Selena,1015,1182604,1579420780,neutral
563rd,A ,EvanTubeHD,610,5764155,3566555551,neutral
564th,A ,TopMovieClips,190,1223298,792518546,neutral
565th,A ,Warner Music Italy,1094,3309979,2994976793,neutral
566th,A ,Kênh Thiếu Nhi - BHMEDIA,4285,3092017,2195967295,neutral
567th,A ,Shalimar Telugu & Hindi Movies,66356,2516177,1876741442,neutral
568th,A ,ABP NEWS HINDI,26768,2742853,524535242,neutral
569th,A ,Ninja Kidz TV,64,2290985,813145985,neutral
570th,A ,Gusttavo Lima Oficial,224,4840192,2358786455,neutral
571st,A ,TrendingPranks,446,1153411,542946954,neutral
572nd,A ,MSNBC,15535,1174437,1088662780,neutral
573rd,A ,NAGASWARA Official Video |…,1220,3193506,1667607612,neutral
574th,A ,ABP NEWS,109223,6055077,2206306855,neutral
575th,A ,Pixl Networks,55,2711107,1041616897,neutral
576th,A ,Nexa Experience,379,203695,256308148,neutral
577th,A ,NEXT9NEWS हर खबर आप…,63174,6859179,3100755270,neutral
578th,A ,SlenderMan™,657,2087554,744344557,neutral
579th,A ,عائلة رياض,377,1016229,629328264,neutral
580th,A ,VikatanTV,9509,3169606,2278075738,neutral
581st,A ,Facts Verse,909,5271676,1554866686,neutral
582nd,A ,Fortnite Clips,1107,-- ,93379534,neutral
583rd,A ,TRANS TV Official,24763,2544005,1552015064,neutral
584th,A ,Life of Sammie,41,2029968,605160228,neutral
585th,A ,DisneyChannelLAVEVO,171,4922786,2433450096,neutral
586th,A ,Ali Baba channel,330,2554930,839410895,neutral
587th,A ,Anuel Fans Mundial,291,-- ,64430064,neutral
588th,A ,EBSKids (EBS 유아),18762,1667660,2549504841,neutral
589th,A ,ROHIT RATAN Entertainment,14,224360,67934584,neutral
590th,A ,YtCrash,781,2903276,1080070185,neutral
591st,A ,Family Playlab,283,3243914,2058161021,neutral
592nd,A ,Katie Cutie Kids TV,69,3784667,2024315426,neutral
593rd,A ,Русские сериалы,5301,1681184,1469488817,neutral
594th,A ,Dr. Sandra Lee (aka Dr. Pimple…,1094,4272495,2347360575,neutral
595th,A ,Dance India Dance,3316,2985322,1583077388,neutral
596th,A ,Jimmy Kimmel Live,3531,12820630,6534665554,positive
597th,A ,ChrisBrownVEVO,188,12741051,7241517056,neutral
598th,A ,zbing z.,1341,6802318,2596161381,neutral
599th,A ,RDC Gujarati,8791,3406033,1276040040,neutral
600th,A ,As/Is,3619,10136755,9350864007,neutral
601st,A ,JTBC Entertainment,43526,2510230,3072967216,neutral
602nd,A ,wifistudy,5120,3701788,283818023,neutral
603rd,A ,Brave Wilderness,434,12412173,2199756620,positive
604th,A ,CamilaCabelloVEVO,24,5699111,2883573314,neutral
605th,A ,Lele Pons,91,11509478,1901823651,neutral
606th,A ,Левушка ТВ / Levushka TV,14,2185504,313830250,neutral
607th,A ,Kids Fun,626,7707410,1669688712,positive
608th,A ,Na CorreRia,318,1825702,569564874,neutral
609th,A ,Lahari Music | T-Series,5044,3225557,2115150985,neutral
610th,A ,TLC,6302,3048980,2624944899,neutral
611th,A ,Antena 3,17808,3856456,4195576436,neutral
612th,A ,Nirahua Music World,449,2287370,1180128215,neutral
613th,A ,Sonotek Sapna Official,797,3939796,1165256026,neutral
614th,A ,AdeleVEVO,31,16270830,7414111263,neutral
615th,A ,Daily Bumps,2002,3924674,2862958130,neutral
616th,A ,toyorbabytv,274,5758203,3726769590,neutral
617th,A ,Tasty,2266,9780213,1776253889,neutral
618th,A ,Indosiar,16679,2995436,1951629262,neutral
619th,A ,Marco Flores Y La Jerez,239,320217,173689542,neutral
620th,A ,naarkw نار,813,1625757,565047761,neutral
621st,A ,Izabela Stress,349,1279091,407052127,neutral
622nd,A ,AdMe.ru - Сайт о…,1158,5038308,927598787,neutral
623rd,A ,Diogo Lopes,333,125969,50494550,neutral
624th,A ,TV Thunder Official,6687,2745028,1603534317,neutral
625th,A ,ChildishGambinoVEVO,30,1775977,1236215977,neutral
626th,A ,SUKA MIRING,3,-- ,44164012,neutral
627th,A ,Mor Music,2274,2227003,1080825285,neutral
628th,A ,Barbie,4656,4856911,2825580808,neutral
629th,A ,cocoz toon,1,2162992,333012122,neutral
630th,A ,Flashback FM,1074,570731,541959488,neutral
631st,A ,RihannaVEVO,106,26582805,13103339807,neutral
632nd,A ,Erkenci Kuş,212,760826,246250847,neutral
633rd,A ,kev,98,2843375,322258943,neutral
634th,A ,piso21music,68,3840012,2543978649,neutral
635th,A ,Ya - Alisa,98,6432043,712863538,neutral
636th,A ,TRANS7 OFFICIAL,31607,1933260,889951998,neutral
637th,A ,Funny Stop Motion videos,1747,5901410,3359105465,positive
638th,A ,Avances por Vlog Novelero,201,-- ,65708758,neutral
639th,A ,Truyen Hinh Vinh Long,12571,2675689,2581487588,negative
640th,A ,Cole&Sav,213,6896766,1594931178,neutral
641st,A ,Latina.pe,31487,1874934,1352338732,neutral
642nd,A ,Home Bollywud,990,1916774,721909693,neutral
643rd,A ,Talking Tom,212,7316952,3520693782,neutral
644th,A ,Britain's Got Talent,2135,10917075,6736575829,neutral
645th,A ,حقائق وأسرار,450,4646803,682210118,neutral
646th,A ,Wish 107.5,672,3459118,1277457875,neutral
647th,A ,Super Polina Play,121,3965541,643212922,positive
648th,A ,AtimeOnline,3581,1468551,721016795,neutral
649th,A ,JenniferLopezVEVO,100,7405915,5633320640,neutral
650th,A ,Little Angel: Nursery Rhymes & Kids…,831,1139539,941356209,negative
651st,A ,Comedy Central,4296,6913518,3518912919,neutral
652nd,A ,Good Mythical Morning,2062,14137878,4658271692,positive
653rd,A ,Hindi Fairy Tales,84,2095557,627730125,neutral
654th,A ,Mejores Juguetes,1197,8762986,5623751087,neutral
655th,A ,Len Ken,266,2209750,1233083120,neutral
656th,A ,ANTV - Truyền hình Công an…,22484,1418544,1148673214,neutral
657th,A ,SQUEEZIE,1244,11445353,5304390859,neutral
658th,A ,La Rosa De Guadalupe,228,711859,203575222,neutral
659th,A ,National Geographic,8906,9260318,2644227075,neutral
660th,A ,Telemundo Novelas,11638,3640005,2023481900,neutral
661st,A ,براق ميديا BURAQ MEDIA,355,302828,42801078,neutral
662nd,A ,Мастерская…,449,7534189,1544349168,neutral
663rd,A ,Ceylin - H Official,255,2017216,990613385,neutral
664th,A ,Brianna's Secret Club TH,679,1875452,622346812,negative
665th,A ,Donna the Explorer,124,3887565,958050672,neutral
666th,A ,Kan & Aki's CHANNEL,983,2329068,4995638741,neutral
667th,A ,ボンボンTV,4603,1487664,1916088745,neutral
668th,A ,DisneyJuniorUK,1976,4581188,5385287373,neutral
669th,A ,KOLLYWOOD MOVIES,90,177222,57915194,neutral
670th,A ,Coke Studio,336,4681857,1147641963,neutral
671st,A ,Projeto Cartoon,200,1101045,348972844,neutral
672nd,A ,Clubinho da Laura,717,4577242,1282419642,neutral
673rd,A ,MBCClassic,44863,981511,2021738000,neutral
674th,A ,O Reino das Crianças,317,2725958,1668191191,neutral
675th,A ,Toy Wizard [토이위자드],159,1127860,173527687,neutral
676th,A ,Warner Music México,1145,2027574,2697937430,neutral
677th,A ,KSIvsLogan,15,1323502,73396246,neutral
678th,A ,SAS-ASMR,405,2796285,593260102,neutral
679th,A ,MrBeanCartoonGames,369,105359,90178358,neutral
680th,A ,GRM Daily,5372,1336512,1169745170,neutral
681st,A ,Shot of The Yeagers,802,2189918,1087106753,neutral
682nd,A ,Julia MineGirl,1208,3087993,1695715957,neutral
683rd,A ,Jelly,2905,8818251,3306593484,neutral
684th,A ,Haschak Sisters,175,5362718,2420126265,neutral
685th,A ,Zig & Sharko,344,2197733,1084156197,neutral
686th,A ,DIEN QUAN Entertainment / Giải…,3964,2667123,1946223024,neutral
687th,A ,Learn And Play,18,-- ,67022251,neutral
688th,A ,Vinamilk,355,931567,840724889,neutral
689th,A ,Kids Labo TV,449,2099865,555762465,neutral
690th,A ,Me contro Te,607,2843068,1435280878,neutral
691st,A ,Fernanfloo,569,29325333,6961274106,neutral
692nd,A ,HAR PAL GEO,4425,2340040,1122121854,neutral
693rd,A ,Funny Cars & Toys,82,1001085,267811850,positive
694th,A ,WhenGamersFail ► Lyon,2391,1671755,1021507665,neutral
695th,A ,Аид [VyacheslavOO],1050,3795996,1128218754,neutral
696th,A ,GamingWithKev,1312,3351802,1565809530,neutral
697th,A ,IDJVideos.TV,823,2385627,3210778735,neutral
698th,A ,WB Kids,938,1821509,585441278,neutral
699th,A ,hamaarbhojpuri,7106,2908355,1793225350,neutral
700th,A ,1MILLION Dance Studio,1202,11058659,2616585255,neutral
701st,A ,Tareq Qar,110,82895,43465545,neutral
702nd,A ,Pen Movies,191,1486692,449864760,neutral
703rd,A ,JP Plays,1855,4706065,1192397077,neutral
704th,A ,TWO SUPER SISTERS,169,1357067,405266486,positive
705th,A ,MrSuicideSheep,2077,9972603,3933001232,neutral
706th,A ,Its JoJo Siwa,389,7546352,1668041209,neutral
707th,A ,湖南卫视芒果TV官方频道…,32887,2611322,2391540342,neutral
708th,A ,NTV Telugu,125240,1452863,1118975963,neutral
709th,A ,Troom Troom Es,359,5733171,1105942548,neutral
710th,A ,SamsungIndia,183,1852869,1398222403,neutral
711th,A ,Two Players One Console,1209,1147779,596446534,neutral
712th,A ,Discovery Kids,417,1017733,392018272,neutral
713th,A ,Chim Xinh Channel,1231,842216,342871421,neutral
714th,A ,Surya Citra Televisi (SCTV),16012,2265698,1304621636,neutral
715th,A ,OfficialWhiteMusic,501,2361915,1846665320,neutral
716th,A ,truTV,4226,1696481,1886195776,neutral
717th,A ,BIBI TV,346,1391175,914486119,neutral
718th,A ,RCM Bhojpuri Hit,2991,2060000,607273422,neutral
719th,A ,THVL Phim,7836,1482849,1428617313,neutral
720th,A ,América Televisión - Novelas,3542,773094,436156663,neutral
721st,A ,DJKhaledVEVO,42,5367633,2727661186,neutral
722nd,A ,TMG Record Channel,254,3317911,2030131582,neutral
723rd,A ,DC Kids,648,1153818,878464874,neutral
724th,A ,Tin Tức Mỗi Ngày,1079,-- ,363621385,neutral
725th,A ,PostMaloneVEVO,13,4164551,2024331185,neutral
726th,A ,JonasBlueVEVO,49,2206912,1560407218,neutral
727th,A ,Samsung Vietnam,553,1288522,918334115,neutral
728th,A ,JK YADAV FILMS जे के…,2072,-- ,562714491,neutral
729th,A ,Talking Angela,107,4961738,878628083,neutral
730th,A ,Denis,1602,6115299,2336892887,neutral
731st,A ,Jass Records,1396,2710189,916060445,neutral
732nd,A ,Tube Unique Wilderness,26,586128,81053798,positive
733rd,A ,Alhayah Series TV,5850,2155817,1279950826,neutral
734th,A ,Chespirito y sus Amigos,772,712690,305875204,neutral
735th,A ,Acne Treatment,698,-- ,480016711,neutral
736th,A ,DaniRep | +6 Vídeos Diarios De GTA…,8122,7848629,3903578370,neutral
737th,A ,Mê Phim,587,514604,130874314,neutral
738th,A ,Zee Music Classic,716,2666131,993667870,positive
739th,A ,เด็กเลี้ยงควาย…,11,685377,137608382,neutral
740th,A ,SilvestreDangondVEVO,151,1780205,1540413929,neutral
741st,A ,tvnpl,6080,1317821,1996632685,neutral
742nd,A ,Albin Lekhove.,3,112489,39579875,neutral
743rd,A ,Satisfy Channel,238,1018694,328815940,neutral
744th,A ,Dave and Ava - Nursery Rhymes and…,368,4345980,2617861225,neutral
745th,A ,Life with Brothers,496,2702258,856349812,neutral
746th,A ,ArcadeG,24,-- ,50334447,neutral
747th,A ,LIFE VÍDEOS E FOTOS,11,330998,140120586,neutral
748th,A ,Aoffy Maxim,302,2570105,684720152,neutral
749th,A ,Queen Official,728,5161031,3117908234,neutral
750th,A ,AK Films,7,-- ,54302427,neutral
751st,A ,핑크퐁 (인기 동요・동화),1082,2125228,1595352760,neutral
752nd,A ,BB Ki Vines,126,9775694,1258536015,neutral
753rd,A ,CFK Family,100,-- ,2048562237,neutral
754th,A ,스위트티비 SweetTV,826,956403,409922913,neutral
755th,A ,Pen Multiplex,904,1802887,587351007,neutral
756th,A ,Маша та Ведмідь,439,3209563,1664222907,neutral
757th,A ,Vy Qwaint,127,1434946,171654347,neutral
758th,A ,PrinceRoyceVEVO,92,6064512,2846915380,neutral
759th,A ,GEazyMusicVEVO,107,4052452,2297039672,neutral
760th,A ,ZEE 24 TAAS,118696,1782463,936716854,neutral
761st,A ,اغاني مشهورة Music…,60,523596,136234820,neutral
762nd,A ,Neo-Saban Power Rangers,3254,3549927,3847340302,neutral
763rd,A ,Познаватель,281,7903277,2458786199,neutral
764th,A ,MovieCon Animation,824,2042918,900842320,neutral
765th,A ,C.A.F - Children And Families,213,1882631,607538170,neutral
766th,A ,HikakinGames,1378,3831655,3392507452,neutral
767th,A ,Lazada Thailand,473,125386,771452351,neutral
768th,A ,Paulinho e Toquinho,795,4053783,2575684671,neutral
769th,A ,Unbox Therapy,1436,12463816,2283596294,neutral
770th,A ,Gato Galactico,528,7102302,1223384077,neutral
771st,A ,BOSS KIDS,74,-- ,220701064,neutral
772nd,A ,MoratVEVO,27,1842272,994135496,neutral
773rd,A ,James Charles,159,8097091,626825336,neutral
774th,A ,AlHayah TV Network,129941,3719788,2123111920,neutral
775th,A ,GMM25Thailand,13468,4370772,3256790708,neutral
776th,A ,Trimurti,2707,2487575,929471020,neutral
777th,A ,Planeta das Gêmeas,390,8255633,1983873754,neutral
778th,A ,Warner Música,539,3323045,2397944307,neutral
779th,A ,packattack04082,7429,2926446,3985485513,neutral
780th,A ,Renato Garcia,1438,9651119,1162090232,neutral
781st,A ,TEDx Talks,118990,14288254,2649053469,neutral
782nd,A ,办公室小野官方频道 Ms Yeah…,92,3407861,707888223,neutral
783rd,A ,Deji,1559,9701327,3382625055,neutral
784th,A ,WamIndia Movie Talkies,118,739132,247068708,neutral
785th,A ,Mango Music,6499,1770727,862401249,neutral
786th,A ,BuzzFeedBlue,1610,8870101,4199495678,neutral
787th,A ,Boys and Toys,305,1503682,601000054,neutral
788th,A ,HPLUS Films,10968,1279906,1406414968,neutral
789th,A ,Follow Me,80,1591130,357257175,neutral
790th,A ,Google Indonesia,416,421050,530877250,neutral
791st,A ,Lokdhun Punjabi,1323,5028862,1765247403,neutral
792nd,A ,Thuy Nga,1784,1798282,1513593766,neutral
793rd,A ,IMPERIA,132,888824,991619438,neutral
794th,A ,Cia. Daniel Saboya,714,12287090,3495074680,neutral
795th,A ,JTBC Drama,12258,1192257,1191217853,neutral
796th,A ,Thibaan Channel,217,1681952,816548889,neutral
797th,A ,なーちゃんねる(Naaachannel),539,1089695,705469268,neutral
798th,A ,infobells - Tamil,176,2464814,1404384841,neutral
799th,A ,서은이야기[SeoeunStory],572,2152240,890117824,neutral
800th,A ,Wave Music - Bhakti,13395,2679475,951030662,neutral
801st,A ,ToyMart TV,419,3653959,1754760559,neutral
802nd,A ,Bela Bagunça,548,7283780,1457189263,neutral
803rd,A ,Sony AATH,3346,1655287,972171613,neutral
804th,A ,WildBrain en Español,1060,1373353,471424612,neutral
805th,A ,Solnishkam,42,2712531,1584777454,neutral
806th,A ,UnspeakableGaming,1848,5493919,1721176088,neutral
807th,A ,Ameli TVIT,308,861589,278955764,neutral
808th,A ,Music Nepal,14839,2530952,1991582096,neutral
809th,A ,Vat19,1277,5560302,4496648188,neutral
810th,A ,VTC1 - Tin tức,37993,1549299,1963421173,neutral
811th,A ,EXPLORER,1003,-- ,107965890,neutral
812th,A ,Coisas dos Famosos,229,-- ,36986780,neutral
813th,A ,NBA LeB,6886,157365,368772,neutral
814th,A ,The Shiny Peanut,406,3063116,545887384,neutral
815th,A ,Caracol Televisión,6872,1561625,522148993,neutral
816th,A ,PHD Troll,375,1880187,654389208,neutral
817th,A ,TVCHOSUN,35135,602177,1026324676,neutral
818th,A ,Wesley Safadão,229,7877716,3514115865,neutral
819th,A ,AP International,21065,2207551,1637950332,neutral
820th,A ,Official Sabyan gambus,8,3875757,834201427,neutral
821st,A ,Tokek,78,806151,231079746,neutral
822nd,A ,Rathore Cassettes,2445,2199859,707539270,neutral
823rd,A ,Movieclips Trailers,7527,12724237,9833909601,neutral
824th,A ,IISuperwomanII,736,14297656,2780236787,neutral
825th,A ,M2,6144,2552535,1290908823,neutral
826th,A ,Comedy Wale,269,1566972,376832605,neutral
827th,A ,Learn Colors with Guka,77,1875466,349846824,neutral
828th,A ,Larva TUBA,1299,3619657,1798768953,neutral
829th,A ,Aqua,62,17618,36263445,neutral
830th,A ,PetitGarçon Adam,437,1076065,495023188,neutral
831st,A ,NickiMinajAtVEVO,62,13518268,5784320251,neutral
832nd,A ,rsfriends,3084,6441704,4579141202,neutral
833rd,A ,ONE Media,2901,1612232,1751610582,neutral
834th,A ,The World Adventures…,298,6157416,816213616,neutral
835th,A ,Toy Genie Surprises,2090,5161012,3523137301,neutral
836th,A ,Mila Toys,21,-- ,108568738,neutral
837th,A ,ImediaSeries | أى ميديا…,9581,829313,732653586,neutral
838th,A ,Venus Bhojpuri,322,1648751,346134972,neutral
839th,A ,BinBin TV,8,-- ,44583599,neutral
840th,A ,DANIEL EL TRAVIESO VIDEOS,183,2823460,823657381,neutral
841st,A ,Little Baby Bum en Español,419,6598377,3943327427,negative
842nd,A ,콩순이・시크릿 쥬쥬…,680,1834667,1794668663,neutral
843rd,A ,Vihokploeng Channel,277,-- ,45116487,neutral
844th,A ,LES BOYS TV,334,-- ,482697541,neutral
845th,A ,Vidéos Drôles,334,539192,216576325,neutral
846th,A ,ABP Majha,73823,1800470,732730266,neutral
847th,A ,Tik Tok,114,1574,618820260,neutral
848th,A ,CollegeHumor,3174,13313522,6545367048,neutral
849th,A ,Sarthak Music,6335,1821046,988566413,neutral
850th,A ,Oh Long Johnson,192,2036412,493687065,negative
851st,A ,5 DAKİKADA HALLET,588,873813,193047407,neutral
852nd,A ,hollywoodclips22,472,310799,174109939,neutral
853rd,A ,Masha e o Urso,231,4103325,1365735959,neutral
854th,A ,Ambey Bhakti,3950,2254849,768304161,neutral
855th,A ,Трум Трум,639,5538968,1470790728,neutral
856th,A ,o SHOW o,68,234811,54925032,neutral
857th,A ,PlayToys,802,4511486,1924059910,neutral
858th,A ,Juguetes con Andre,648,3590877,1634999362,neutral
859th,A ,ตุณานนท์…,26,38672,4707955,neutral
860th,A ,Saregama Music,4114,4851606,1382014363,neutral
861st,A ,Selena Martinez,168,470817,84130838,neutral
862nd,A ,LosPolinesios,400,14891691,2770521652,neutral
863rd,A ,PORKMODZ,1163,555550,223873821,neutral
864th,A ,Irmãos Neto,163,10498808,828548071,neutral
865th,A ,Toys and Fun,1065,1860886,1329705317,positive
866th,A ,Tarang TV,12219,1124819,773416806,neutral
867th,A ,Bizim Hikaye,825,669759,392876501,neutral
868th,A ,СТС,6875,1458389,1100467882,neutral
869th,A ,Anupam Movie Songs,500,593726,223239922,neutral
870th,A ,MessYourself,730,4583875,1264799813,neutral
871st,A ,TV Ana Emilia,188,2437825,650741196,neutral
872nd,A ,Mohamed Ramadan,183,2342921,832724569,neutral
873rd,A ,T-Series Regional,15340,3733568,1595904694,neutral
874th,A ,Saurabh Parikh,1570,1179477,738646899,neutral
875th,A ,Let's Play Kids,925,-- ,532569280,neutral
876th,A ,Dolan Twins,199,6661047,918456388,neutral
877th,A ,MY TOYS PINK,773,1917132,885066341,negative
878th,A ,FunKeep,290,2031826,664825148,neutral
879th,A ,Vividplays Channel,1652,1042497,416153886,neutral
880th,A ,Amit Bhadana,51,9771425,617239610,neutral
881st,A ,Mega Super LoLLa,4,-- ,52638254,positive
882nd,A ,Morphle TV,349,4040290,3093804467,neutral
883rd,A ,PipeCleanerCrafts B,268,2465335,795740576,neutral
884th,A ,JuanGabrielVEVO,219,2808915,2636833521,neutral
885th,A ,mallemalatv,5342,1699246,850788248,neutral
886th,A ,THVL Giải Trí,12927,2595868,2427585836,neutral
887th,A ,Sumeet Music,1500,1738897,883418478,neutral
888th,A ,SelenaGomezVEVO,127,15688167,6641996592,neutral
889th,A ,Acne Synthetic,325,-- ,119895629,neutral
890th,A ,"SLICK SLIME SAM - DIY, Comedy,…",216,826637,251509161,negative
891st,A ,BillieEilishVEVO,25,666883,279539583,neutral
892nd,A ,Patati Patatá,190,3426296,2338263755,neutral
893rd,A ,NW news,184,46747,40348022,neutral
894th,A ,EllaMaiVEVO,9,255574,293077103,neutral
895th,A ,RemexMusic,972,3954687,3344414009,neutral
896th,A ,MLP Magic,120,-- ,122799600,positive
897th,A ,MegaTV,8998,337710,424175065,neutral
898th,A ,social issue소셜이슈,216,-- ,351437895,positive
899th,A ,ZicZic Supers Songs,12,4653573,379129938,neutral
900th,A ,Shahid.net,2926,3327405,1149283506,neutral
901st,A ,Bryant Myers,44,2692196,600406974,neutral
902nd,A ,Poll Production,1970,2158957,3295692992,neutral
903rd,A ,Learn Colors PAM PAM,17,-- ,545060093,neutral
904th,A ,The Tonight Show Starring Jimmy…,4622,17763660,9668150444,neutral
905th,A ,Reaction Time,1163,10018141,2956841564,neutral
906th,A ,That YouTub3 Family,752,2076265,947179743,neutral
907th,A ,Sessão Dublada,458,570187,210671101,neutral
908th,A ,SuperZoo - Best cartoon for kids…,266,1758101,545126564,positive
909th,A ,Bazylland,320,1828539,987725356,neutral
910th,A ,BARBIE FILMES BR,425,2426403,560491563,neutral
911th,A ,DeGoBooM,1367,3667305,950082832,neutral
912th,A ,топКино,1083,385039,186469729,neutral
913th,A ,TheRichest,2558,11804909,5866949648,neutral
914th,A ,Лучшие приколы Best…,69,211886,53447247,neutral
915th,A ,Yong Ye,309,878035,654203160,neutral
916th,A ,Crafty Panda,35,924761,123275233,positive
917th,A ,TruthRevolutionNet,220,336350,282580294,neutral
918th,A ,Sonotek Bhakti,4501,3240992,811771577,neutral
919th,A ,JoyJoy Lika,112,1348026,306959964,neutral
920th,A ,Viki Show,301,3099335,1013696048,neutral
921st,A ,Movie Clips,8,49785,34501120,neutral
922nd,A ,Funny Stacy,70,5510141,1557779492,positive
923rd,A ,Ibu dan Balita Indonesia,179,1530259,570694707,neutral
924th,A ,CantaJuegoVEVO,424,2407006,2516674023,neutral
925th,A ,Morgz,512,5437206,716849369,neutral
926th,A ,ON Ent,26008,3769523,1311197102,neutral
927th,A ,Sing Music Channel,92,1572818,513111410,neutral
928th,A ,MaKar & Nursery Rhymes and Songs,191,1209631,324049846,neutral
929th,A ,ALL THE K-POP,7413,3308285,1708025102,neutral
930th,A ,Comedy Captain Hindi HD,280,1890180,440275389,neutral
931st,A ,Illslick thelegandary,101,2632081,1276933450,neutral
932nd,A ,Mother Goose Club Playhouse,742,3281615,4543258678,neutral
933rd,A ,MundoNovelero,1454,1038453,704964904,neutral
934th,A ,PlayCow.com,3537,2664592,1332421426,neutral
935th,A ,Studio Saraswati Official,1745,2053209,521000306,neutral
936th,A ,Show Ana Haber,17959,716731,1111394262,neutral
937th,A ,Bollywood Classics,1045,2653337,1033211075,neutral
938th,A ,WigglePop,107,1134248,353416131,neutral
939th,A ,SamSmithWorldVEVO,58,6959214,4104419248,neutral
940th,A ,Rebecca Zamolo,531,4585169,709564795,neutral
941st,A ,HomeAnimations - Мультики…,209,889004,272579345,neutral
942nd,A ,Playtime4kidz,501,1422226,796439679,neutral
943rd,A ,Hollywood Inside,40,-- ,35137458,neutral
944th,A ,Ghiền Mì Gõ,312,3111301,1846212099,neutral
945th,A ,News Tak,7902,1933560,438452931,neutral
946th,A ,IULITM,4315,2495206,1594852893,neutral
947th,A ,3ater Alsham عطر الشام,3364,575111,523420737,neutral
948th,A ,The Sean Ward Show,385,2046208,1265473278,neutral
949th,A ,Giọng Ca Để Đời,1024,1553434,975997218,neutral
950th,A ,TBE Kids,27,359753,88007461,neutral
951st,A ,Fizzy Toy Show,1048,2020415,1576193149,neutral
952nd,A ,thays7777,204,132700,68136885,neutral
953rd,A ,Teremok TV,2970,4265037,5250235184,neutral
954th,A ,BIG Magic,17891,520230,225517877,positive
955th,A ,Amit choudhary,18,201943,222996,neutral
956th,A ,JaxJonesVEVO,23,820648,584674135,neutral
957th,A ,BBC,22695,5165960,4937488364,neutral
958th,A ,TeluguOne,33586,4100191,2414364446,neutral
959th,A ,Kids Learning Songs,75,-- ,278406163,neutral
960th,A ,"Kids, Toys & Adventures",79,2671048,499372735,neutral
961st,A ,GunsNRosesVEVO,40,4939443,3610207489,neutral
962nd,A ,Kids Club TV,1211,-- ,1521901868,neutral
963rd,A ,Turkish Series مسلسل تركي,472,2027095,552733926,neutral
964th,A ,emma chamberlain,156,4501329,310088600,neutral
965th,A ,CNN Indonesia,30100,1281435,715647975,neutral
966th,A ,떵개떵,2764,2512791,1176939065,neutral
967th,A ,Gustavo Mioto,37,2605915,868604066,neutral
968th,A ,Netflix,2279,5262636,1466799425,neutral
969th,A ,NDJ Film Official,10858,1728730,941580688,neutral
970th,A ,Funny Vines,132,3122278,996106605,positive
971st,A ,jeffreestar,294,10368791,1084678752,neutral
972nd,A ,YimYam TV,1154,1132387,863447043,neutral
973rd,A ,INSIDER,6238,2998198,1536356883,neutral
974th,A ,Carnatavr A,391,46526,41047291,neutral
975th,A ,Learn Colors Rice,48,2546742,311104017,neutral
976th,A ,SHOPEE Indonesia,182,141886,457659296,neutral
977th,A ,BakLol Video,95,2265697,256962966,neutral
978th,A ,WOW ENGLISH TV,297,1865989,1527112924,positive
979th,A ,AviciiOfficialVEVO,110,11667519,5565707967,neutral
980th,A ,SUNDRANI,5202,1196344,670142754,neutral
981st,A ,karameeshchannel,2318,3226457,1936359474,neutral
982nd,A ,FitDance,949,8606400,2564278994,neutral
983rd,A ,Planet Earth INDIA,275,4025979,633820509,neutral
984th,A ,Telefe,66273,2220124,1910032292,neutral
985th,A ,PopArt Discos,2590,1738684,2261135575,neutral
986th,A ,FRESH Movie Trailers,6337,3816987,2932656262,positive
987th,A ,Cat Music,1795,4962035,5026581136,neutral
988th,A ,ArkivaShqip,6414,2563442,3987315817,neutral
989th,A ,El Adl Group,2136,1687205,714675665,neutral
990th,A ,JUJU Jugando,42,861545,218837918,neutral
991st,A ,iKON,313,3322661,764816171,neutral
992nd,A ,Gojzer,155,1181557,486625063,neutral
993rd,A ,Saad Lamjarred | سعد لمجرد,118,5932065,1628048828,neutral
994th,A ,Cumicumi,48641,2341946,2200123912,neutral
995th,A ,storybooth,136,2938922,938276694,neutral
996th,A ,OneRepublicVEVO,144,6005945,3917713663,neutral
997th,A ,TOY GUMA,303,1783483,628952933,neutral
998th,A ,Les' Copaque Production,1078,3130717,2040030829,neutral
999th,A ,Earwax Specialist,572,387654,301082491,neutral
"1,000th",A ,Jugnu Kids - Nursery Rhymes and…,282,2883696,1233602347,neutral
"1,001st",A ,IDEAS EN 5 MINUTOS,1089,4429603,662187125,neutral
"1,002nd",A ,Tin Siêu Còi,534,695068,561085634,neutral
"1,003rd",A ,BIGBANG,769,9998464,4756874954,neutral
"1,004th",A ,Wow Kidz Comedy,871,1511557,436747551,positive
"1,005th",A ,simayproduction,226,337135,212866964,neutral
"1,006th",A ,RK RAJ DJ,261,-- ,104547928,neutral
"1,007th",A ,Hong Giang DIY Slime,297,2056979,623675504,neutral
"1,008th",A ,Pica - Pica Oficial,145,2653991,2151391380,neutral
"1,009th",A ,Universe Adventure,156,2946639,314847635,neutral
"1,010th",A ,Hillsong Worship,540,2769666,982634456,neutral
"1,011th",A ,Boram Tube [보람튜브],125,2742219,614541421,neutral
"1,012th",A ,EHPMusicChannel,472,403056,348349997,neutral
"1,013th",A ,iGAMING TV,360,958196,472840432,neutral
"1,014th",A ,XEM.VN,752,-- ,330159081,neutral
"1,015th",A ,Netflix India,450,1200373,80348959,neutral
"1,016th",A ,Latest News Updates,131,-- ,191379249,positive
"1,017th",A- ,ولاية بطيخ | Melon City…,764,4044662,1166217789,neutral
"1,018th",A- ,Movie Talkies,19022,3794649,2491697636,neutral
"1,019th",A- ,MrBrent98,259,4737769,497995909,neutral
"1,020th",A- ,Gallina Pintadita,33,6136499,4866114389,neutral
"1,021st",A- ,W2S,639,13087509,3601385628,neutral
"1,022nd",A- ,Теремок - Песенки…,307,2447379,1475969285,neutral
"1,023rd",A- ,Zara Cute,806,1082790,790114713,positive
"1,024th",A- ,PrestonPlayz - Minecraft,3473,7193736,2509756896,neutral
"1,025th",A- ,Oddbods - Official Channel,363,2641254,1877153673,neutral
"1,026th",A- ,ZENSE Entertainment,7498,2148479,1056380068,neutral
"1,027th",A- ,UKids TV,121,1070159,147878759,neutral
"1,028th",A- ,Juguetes Sorpresa,398,1848769,803160581,neutral
"1,029th",A- ,PlayDJ In,162,-- ,246728361,neutral
"1,030th",A- ,Health Tips for You,8839,4116683,613673510,neutral
"1,031st",A- ,Favorite Videos,605,433225,895967230,positive
"1,032nd",A- ,Wirkaufendeinauto.de,23,2730,82829448,neutral
"1,033rd",A- ,Herşey Dahil,915,2759453,1189890677,neutral
"1,034th",A- ,Pocoyo,1009,5434099,4355275516,neutral
"1,035th",A- ,YuridiaVEVO,121,1132374,1385722780,neutral
"1,036th",A- ,Fanta Kids Tv,57,2682199,360827737,neutral
"1,037th",A- ,MowMow☆おもちゅーぶ,322,511278,181226240,neutral
"1,038th",A- ,Ini Talk Show,4117,2042830,1203464786,neutral
"1,039th",A- ,3Palavrinhas,165,1114638,820739389,neutral
"1,040th",A- ,kids7,20,1583878,259513961,neutral
"1,041st",A- ,FutParódias,184,4763628,1089597158,neutral
"1,042nd",A- ,VIDEOMUG비디오머그,1667,314428,229895975,neutral
"1,043rd",A- ,CBCDrama,5476,2735998,1499321360,neutral
"1,044th",A- ,Trinity and Beyond,617,1615002,582521408,neutral
"1,045th",A- ,REACT,1404,9849460,3048529895,neutral
"1,046th",A- ,Tibo InShape,546,5095840,1217196627,neutral
"1,047th",A- ,Lâm Vlog,331,880826,258862127,neutral
"1,048th",A- ,DrossRotzank,1133,14850074,3084922075,neutral
"1,049th",A- ,Khulduli Media,17,-- ,61602498,neutral
"1,050th",A- ,SonoraDinamitaVEVO,21,404982,783935227,neutral
"1,051st",A- ,भक्ति,3805,3134152,522188652,neutral
"1,052nd",A- ,Vito Minecraft,892,1219171,662762196,neutral
"1,053rd",A- ,Programa Pânico,3322,7350039,2469377904,neutral
"1,054th",A- ,Mert TÜTER,20,-- ,81652515,neutral
"1,055th",A- ,VN Children’s Music,139,-- ,835961805,neutral
"1,056th",A- ,Stubborn Facts,254,-- ,334411501,neutral
"1,057th",A- ,FORMULA 1,1386,1577479,543917257,neutral
"1,058th",A- ,KarolGVEVO,25,3605435,1913978111,neutral
"1,059th",A- ,Tamer Hosny,323,3149970,1018663952,neutral
"1,060th",A- ,Mimi Lissa,439,1427346,858526119,neutral
"1,061st",A- ,ABC For Kids TV,19,-- ,24605601,neutral
"1,062nd",A- ,Wave Music - Bhojpuri Movies,304,1748337,628973883,neutral
"1,063rd",A- ,Ricis Official,329,5505644,677257443,neutral
"1,064th",A- ,tvN DRAMA,15907,1401400,1104842163,neutral
"1,065th",A- ,L'Algerino,96,4390622,1304314723,neutral
"1,066th",A- ,Troom Troom PT,193,2405614,385620442,neutral
"1,067th",A- ,18th Asian Games 2018,306,598154,104006040,neutral
"1,068th",A- ,Bollywood Uncut,4166,385042,212318007,negative
"1,069th",A- ,Robin Hood Gamer,2256,5249617,902045441,neutral
"1,070th",A- ,For Kids Español,38,-- ,333467375,neutral
"1,071st",A- ,IMediaShows,5539,340895,277516851,neutral
"1,072nd",A- ,LOVEiS+,664,2278468,1742116660,neutral
"1,073rd",A- ,Videogyan 3D Rhymes - Nursery…,579,6372720,5005584061,neutral
"1,074th",A- ,Bartolito,315,924799,272549270,neutral
"1,075th",A- ,Posteries,69,1077035,503038721,neutral
"1,076th",A- ,Dolly's Stories KIDS,78,1187528,230626596,neutral
"1,077th",A- ,RE -research,158,2535305,558104526,neutral
"1,078th",A- ,Mega Kids Tv,790,-- ,2232918914,neutral
"1,079th",A- ,Annoying Orange,1096,7542219,5360497422,negative
"1,080th",A- ,MoonKase,2646,4739183,1339447912,neutral
"1,081st",A- ,ZicZic Baby,20,1099180,152421259,neutral
"1,082nd",A- ,NH Studioz,698,1080829,375674360,neutral
"1,083rd",A- ,NTN Vlogs,172,4827279,840237024,neutral
"1,084th",A- ,Brytiago Cartel Records,26,2102859,707072962,neutral
"1,085th",A- ,Oops Banana,926,2594922,848048417,neutral
"1,086th",A- ,Grand Production,12746,1231378,2468846059,positive
"1,087th",A- ,Máquina del Tiempo,849,-- ,813777281,neutral
"1,088th",A- ,YGVEVO,66,2194989,1125081760,neutral
"1,089th",A- ,Invento na Hora,446,7743492,1051346743,neutral
"1,090th",A- ,Black Beats,386,748413,349171125,negative
"1,091st",A- ,littlemixVEVO,119,8387497,3438825040,neutral
"1,092nd",A- ,Rice and Turtle,9,-- ,187919091,neutral
"1,093rd",A- ,Ярик Кент,722,2463732,870581007,neutral
"1,094th",A- ,KoLshi Tv كلشي,346,-- ,656128090,neutral
"1,095th",A- ,NBC World of Dance,224,610130,117702339,neutral
"1,096th",A- ,CNCOVEVO,47,6246421,4171381231,neutral
"1,097th",A- ,GameGrumps,6199,4810053,4315943573,neutral
"1,098th",A- ,Univision Noticias,43216,2562118,1880915239,neutral
"1,099th",A- ,DramaKBS,86872,1163844,1469594560,neutral
"1,100th",A- ,華納音樂 Warner Music Taiwan…,1860,1388830,890764253,neutral
"1,101st",A- ,Jana Tube,14,713375,178412464,neutral
"1,102nd",A- ,JukiLop,52,10548370,528172886,neutral
"1,103rd",A- ,DisneyChannelUK,2603,3447255,3283041196,neutral
"1,104th",A- ,LG India,829,246769,682825695,neutral
"1,105th",A- ,twenty one pilots,87,7057151,1346134728,neutral
"1,106th",A- ,Daequan Loco,283,3587976,293643173,neutral
"1,107th",A- ,OLGACRAFTS,222,179734,55398762,neutral
"1,108th",A- ,SpJockey,1930,794720,479437947,neutral
"1,109th",A- ,Daniel Boy,117,883683,233817264,neutral
"1,110th",A- ,BONNY KIDS TV,58,-- ,287000493,positive
"1,111th",A- ,Peppa Pig En Español Capitulos…,393,2967840,827964874,neutral
"1,112th",A- ,INCRÍVEL,1379,6217371,700534387,neutral
"1,113th",A- ,IDEIAS INCRÍVEIS,1084,3461333,458488915,neutral
"1,114th",A- ,Beşiktaş Kültür Merkezi (BKM),5233,1567447,1868110548,neutral
"1,115th",A- ,Ersin Büyükişler,4,200536,30542506,neutral
"1,116th",A- ,Kaykai Salaider,170,6651911,988326879,neutral
"1,117th",A- ,Fortnite Funny,349,1555169,401834406,positive
"1,118th",A- ,SumanTV,9228,2543346,929819561,neutral
"1,119th",A- ,ArcadeGaming,1417,1361880,581369782,neutral
"1,120th",A- ,Eros Now Movies Preview,1121,1607037,665567091,neutral
"1,121st",A- ,Danny Ocean,8,2861917,1690503137,neutral
"1,122nd",A- ,Jason Derulo,238,10247253,5133718775,neutral
"1,123rd",A- ,Beto Sierra,559,2155076,701284327,neutral
"1,124th",A- ,CarlosVivesVEVO,96,3314192,2893179477,neutral
"1,125th",A- ,platinumrecordsmusic,461,3981353,2267113835,neutral
"1,126th",A- ,lesliegraceVEVO,20,516628,345111568,neutral
"1,127th",A- ,Linus Tech Tips,4276,6811040,1993442553,neutral
"1,128th",A- ,ETV Plus India,14493,2104082,1435219599,neutral
"1,129th",A- ,Enamorándonos,4928,3186461,1542799499,neutral
"1,130th",A- ,Shemaroo Movies,603,2784186,782915669,neutral
"1,131st",A- ,Yippee Toys,1627,6783252,2985726408,neutral
"1,132nd",A- ,SuperHeroKids,182,2059241,1223548138,neutral
"1,133rd",A- ,SETN三立新聞網,40599,454722,859111639,neutral
"1,134th",A- ,Taylor Gamer,192,280704,51412957,neutral
"1,135th",A- ,Anthony Ying,3552,1826694,2020250389,neutral
"1,136th",A- ,Gnews,3534,-- ,363312756,neutral
"1,137th",A- ,Viral Maniacs,72,596882,194629412,neutral
"1,138th",A- ,PDK Films,123,6462055,1808796279,neutral
"1,139th",A- ,Red Chillies Entertainment,649,3070960,1179332236,neutral
"1,140th",A- ,Fun Kids House,794,-- ,1480461896,positive
"1,141st",A- ,"Animal Aid Unlimited, India",184,1901032,574395844,neutral
"1,142nd",A- ,BE AMAZED,691,4068925,924101627,neutral
"1,143rd",A- ,AFernandezVEVO,92,1614634,1946505588,neutral
"1,144th",A- ,70cleam,829,1286712,1480458714,neutral
"1,145th",A- ,Life Hacks & Experiments,352,3644191,1219745172,neutral
"1,146th",A- ,Fox News,52548,1680608,1098789981,neutral
"1,147th",A- ,Toymong tv 토이몽TV,922,1895085,950813108,neutral
"1,148th",A- ,TheWillyrex,5126,14570953,5071006068,neutral
"1,149th",A- ,WildBrain em Português,995,985848,388267495,neutral
"1,150th",A- ,YTN NEWS,355996,820108,1640347646,neutral
"1,151st",A- ,Breaking News India,577,-- ,399126408,neutral
"1,152nd",A- ,Miniminter,1588,7497762,2535153504,neutral
"1,153rd",A- ,Mr DegrEE,111,976607,270095979,neutral
"1,154th",A- ,Tamil cinema,4893,-- ,555333450,neutral
"1,155th",A- ,Español Para Niños,32,-- ,116260552,neutral
"1,156th",A- ,Bhavani HD Movies,16226,1424977,691620083,neutral
"1,157th",A- ,infobells,248,2656272,882222289,neutral
"1,158th",A- ,Chouftv - شوف تيفي,37136,2561199,1419415471,neutral
"1,159th",A- ,Tady Kristián,6,31996,29536511,neutral
"1,160th",A- ,BEBEKIDS,110,-- ,342372543,neutral
"1,161st",A- ,Nina Twin Kids,55,-- ,352497565,neutral
"1,162nd",A- ,★ Kids Roma Show,437,5608514,1352179341,neutral
"1,163rd",A- ,Promi Big Brother,1017,105418,67113917,neutral
"1,164th",A- ,SBSNOW,14133,1922415,2073198311,neutral
"1,165th",A- ,OneDirectionVEVO,171,23481196,8280768299,neutral
"1,166th",A- ,Flamingo,445,1915781,522973512,neutral
"1,167th",A- ,TVN Series,3933,501731,611164083,neutral
"1,168th",A- ,loveliveserve,460,3044546,435910217,neutral
"1,169th",A- ,Смотри как я (Watch Me),207,1277532,386347891,neutral
"1,170th",A- ,ashish chanchlani vines,119,7136231,611062570,neutral
"1,171st",A- ,The Divine Tales,142,-- ,101914674,neutral
"1,172nd",A- ,Tayo the Little Bus,1190,3295043,3114290893,negative
"1,173rd",A- ,Anne-Marie,45,3107983,630340905,neutral
"1,174th",A- ,Barry Guarina,101,143414,543472,neutral
"1,175th",A- ,Rajasthani Gorband Music HD,2382,1639233,540505595,neutral
"1,176th",A- ,Daftar Populer,1012,2168268,365382700,neutral
"1,177th",A- ,Maître GIMS,31,6410207,597177479,neutral
"1,178th",A- ,MBCkpop,31092,5084929,3893045917,neutral
"1,179th",A- ,The Q,113,5078880,1416956060,neutral
"1,180th",A- ,TheTalko,1925,6341412,2581218906,neutral
"1,181st",A- ,Mo Vlogs,1237,6172108,1609292736,neutral
"1,182nd",A- ,Kuplinov ► Play,4588,5422655,2088890389,neutral
"1,183rd",A- ,Hichem Smati,129,1584768,408343609,neutral
"1,184th",A- ,Cleo & Cuquín - Familia Telerín,70,2990724,1274275282,neutral
"1,185th",A- ,Sapna Choudhary,102,862101,169614978,neutral
"1,186th",A- ,TazerCraft,2952,10218519,3515548318,neutral
"1,187th",A- ,Silly Family,21,263470,46510486,negative
"1,188th",A- ,Zouzounia TV,1284,3040963,2196656402,neutral
"1,189th",A- ,SBS TV동물농장x애니멀봐,1044,718231,469036798,neutral
"1,190th",A- ,acdcVEVO,145,3201644,2741995673,neutral
"1,191st",A- ,Parafernalha,647,10673919,2419651852,neutral
"1,192nd",A- ,Galileo,2760,2057489,1339235573,neutral
"1,193rd",A- ,ToyTocToc,379,3483539,1106450841,neutral
"1,194th",A- ,Jayas Kumar,97,1682736,174797690,neutral
"1,195th",A- ,Passenger,213,4406430,2450875512,neutral
"1,196th",A- ,더깊이10,1466,76812,50347842,neutral
"1,197th",A- ,KIDZ RHYMES,232,802153,194965185,neutral
"1,198th",A- ,Just For Laughs Gags Arabic,331,468812,309763353,neutral
"1,199th",A- ,SSundee,1936,9224598,3777890297,neutral
"1,200th",A- ,TVI,14460,972373,885972274,neutral
"1,201st",A- ,Fortnite Poggers,86,1676802,90961377,neutral
"1,202nd",A- ,Hoạt Hình Cartoon,118,-- ,49116658,neutral
"1,203rd",A- ,Crime Watch Daily,3452,1258527,701318998,neutral
"1,204th",A- ,Ferrugem Oficial,112,1813712,521501181,neutral
"1,205th",A- ,MALAYALAM MOVIE ZONE,22,-- ,28709112,neutral
"1,206th",A- ,TheEngineeringFamily,2704,2856775,3937497827,neutral
"1,207th",A- ,Kwebbelkop,3545,8922422,3373682152,neutral
"1,208th",A- ,Screen Rant,1822,5151155,1866471947,neutral
"1,209th",A- ,TL Toysreview,67,-- ,77299278,neutral
"1,210th",A- ,Matt Stonie,322,6021280,1094725876,neutral
"1,211th",A- ,ディズニー・スタジオ公式…,847,350214,108899893,neutral
"1,212th",A- ,Carter Sharer,123,2155074,324012497,neutral
"1,213th",A- ,الصوت التونسى,126,791763,98059395,neutral
"1,214th",A- ,Jkk Entertainment,58,2777990,427618227,neutral
"1,215th",A- ,مصارعة المحترفين,325,1329767,349927065,neutral
"1,216th",A- ,ETtoday星光雲/官方平台,2279,224343,218655099,neutral
"1,217th",A- ,Lil pump,21,10474413,1712431407,neutral
"1,218th",A- ,Ghazi B TV غازي بي تي في,511,1023183,323640430,neutral
"1,219th",A- ,CritiCalSrb,267,472573,627777758,neutral
"1,220th",A- ,GamerGirl,1157,2291522,748832809,neutral
"1,221st",A- ,Официальный канал…,7274,3840699,2852364848,neutral
"1,222nd",A- ,key kid,19,947379,242686877,neutral
"1,223rd",A- ,Kimberly Loaiza,68,13080839,673517610,neutral
"1,224th",A- ,Rasmey Hang Meas,1651,1319793,731210573,neutral
"1,225th",A- ,Aya Nakamura,12,970106,299497195,neutral
"1,226th",A- ,Chetak,6232,1762161,625457816,neutral
"1,227th",A- ,ProsafiaGaming,1065,1178901,1020550927,neutral
"1,228th",A- ,Top 1 Trọng Án,1897,270272,131417570,positive
"1,229th",A- ,Saas Bahu Aur Betiyaan,9987,1681614,820102614,neutral
"1,230th",A- ,Анимационные…,1489,2738601,2191975741,neutral
"1,231st",A- ,AllGoodThingsNetwork,105,571733,185263251,neutral
"1,232nd",A- ,MetallicaTV,1321,3750459,1805371644,neutral
"1,233rd",A- ,Porta dos Fundos,899,14802776,4218570476,neutral
"1,234th",A- ,OPPO,161,1751228,449486371,neutral
"1,235th",A- ,뽀로로(Pororo),2283,2631227,3398767467,neutral
"1,236th",A- ,whitneyhoustonVEVO,60,2693314,2252575081,neutral
"1,237th",A- ,Rathore Cassettes HD,727,774102,236665494,neutral
"1,238th",A- ,Betty Crocker,602,98921,17361214,neutral
"1,239th",A- ,Disney Junior LA,1364,2900113,1923871918,neutral
"1,240th",A- ,InquisitorMaster - My Gameplays are…,568,2843442,694660092,neutral
"1,241st",A- ,AM3NlC,3699,11323230,3125213806,neutral
"1,242nd",A- ,JFlaMusic,197,9261084,1714185273,neutral
"1,243rd",A- ,Alex Boyko,530,3676183,902337992,neutral
"1,244th",A- ,قناة منوعات…,85,3178697,744866959,neutral
"1,245th",A- ,Grammarly,69,112192,1289948925,neutral
"1,246th",A- ,Лунтик,741,3288601,6790620554,neutral
"1,247th",A- ,Liova and Toys,32,4690036,366253071,neutral
"1,248th",A- ,Tom Çocuk Şarkıları,549,-- ,354760449,neutral
"1,249th",A- ,Wassabi,803,11113619,3811806180,neutral
"1,250th",A- ,Supreme,444,571597,203994999,neutral
"1,251st",A- ,Univrsal Media Pro,3676,1772292,836840446,neutral
"1,252nd",A- ,Riya Films,3699,1080240,400573269,neutral
"1,253rd",A- ,DisneyJuniorIT,1299,1213078,823448908,neutral
"1,254th",A- ,MattyBRaps,237,10659754,4951593875,neutral
"1,255th",A- ,Katie Angel,288,7318965,722313532,neutral
"1,256th",A- ,Km Music,173,880442,555085477,neutral
"1,257th",A- ,Power Vision,701,3003487,1123002937,neutral
"1,258th",A- ,Aquarela Kids,295,1810288,503727375,neutral
"1,259th",A- ,ここなっちゃん,419,451936,448640273,neutral
"1,260th",A- ,Toy School,2,1179190,31904372,neutral
"1,261st",A- ,ToysYJuguetesTV,628,4409837,1499616019,neutral
"1,262nd",A- ,Favio Apaza-MansOn,1325,1762800,952852670,neutral
"1,263rd",A- ,Traditional Massage,62,930567,382491151,neutral
"1,264th",A- ,SlivkiShow,245,11409757,1893133340,neutral
"1,265th",A- ,CrazyFrogVEVO,12,4585990,2477475081,neutral
"1,266th",A- ,Gajendra Verma,12,1482606,198493220,neutral
"1,267th",A- ,Meera Stars,136,1247922,150200942,neutral
"1,268th",A- ,Ahmed Sakr,221,-- ,129685279,neutral
"1,269th",A- ,Телеканал ТНТ,6513,1703760,904881206,neutral
"1,270th",A- ,مصطفى GAME OVER,530,3191191,774875695,negative
"1,271st",A- ,➜FavijTV™,1777,4836210,2597979588,neutral
"1,272nd",A- ,SEPL VIDEO,11182,828671,289874658,neutral
"1,273rd",A- ,VIBE & WAVE -Dance Studio Nepal,38,347489,67986046,neutral
"1,274th",A- ,NAJWA FAROUK OFFICIELLE,22,487254,60906853,neutral
"1,275th",A- ,Animals Cartoons For Kids /- Learn…,99,616510,125670416,neutral
"1,276th",A- ,MostAmazingTop10,2083,4185901,1259443864,neutral
"1,277th",A- ,Skyheart's Toys,393,1994976,905368623,neutral
"1,278th",A- ,TOYS on the go!,781,5181703,3593162117,neutral
"1,279th",A- ,ZEE5,576,379968,168335034,neutral
"1,280th",A- ,Wengie,205,12369837,1149147282,neutral
"1,281st",A- ,Anitta,40,9818513,2854795438,neutral
"1,282nd",A- ,Major Lazer,209,11251137,5904552350,positive
"1,283rd",A- ,Cartoon Studio,31,1997139,536835661,neutral
"1,284th",A- ,Paulo Londra,17,5487379,940191676,neutral
"1,285th",A- ,NMF News,40872,4393689,1885991223,neutral
"1,286th",A- ,KemalpaR,85,194523,61557179,neutral
"1,287th",A- ,タキロン Takilong Kids' Toys,1915,663354,412336945,neutral
"1,288th",A- ,Amar Audio,2640,-- ,911102373,neutral
"1,289th",A- ,MarkRonsonVEVO,50,3978658,3385018974,neutral
"1,290th",A- ,elrubiusOMG,778,30796414,6870520811,neutral
"1,291st",A- ,MonLaferteVEVO,61,2483071,1292184440,neutral
"1,292nd",A- ,Videos4Kids,483,724094,257739936,neutral
"1,293rd",A- ,짤킹,159,-- ,50903434,neutral
"1,294th",A- ,Red Hot Chili Peppers,138,3764589,2912082188,positive
"1,295th",A- ,VideoClipVietNam,5,56096,8496,neutral
"1,296th",A- ,Xand Avião,530,1495893,502741829,neutral
"1,297th",A- ,SecondsOut,6251,165823,164856588,neutral
"1,298th",A- ,The Late Show with Stephen Colbert,4230,4834885,3498365577,negative
"1,299th",A- ,nursery rhymes learn and play,25,-- ,48552313,neutral
"1,300th",A- ,RaceToyTime,690,1520258,930736981,neutral
"1,301st",A- ,Rai,11897,2221184,1317437992,neutral
"1,302nd",A- ,elcarteldesantatv,244,4212422,1595645003,neutral
"1,303rd",A- ,Armin van Buuren,1501,2684650,619348721,neutral
"1,304th",A- ,Zee News,87417,3833804,1141128840,neutral
"1,305th",A- ,Dharma Productions,952,2789887,1576303270,neutral
"1,306th",A- ,キヨ。,1522,1537256,974998184,neutral
"1,307th",A- ,BBC Earth,1390,2978955,925243135,neutral
"1,308th",A- ,20sarasa（にーさら）,475,1525288,1225995975,neutral
"1,309th",A- ,Yeni Gelin,1055,1010048,1180722188,neutral
"1,310th",A- ,ABC KIDS TV,51,-- ,160020168,neutral
"1,311th",A- ,Coffi Channel,2421,4523072,1613191178,neutral
"1,312th",A- ,TiempodeSol,158,1343173,621437249,neutral
"1,313th",A- ,Nhan KTV,1357,-- ,209025339,neutral
"1,314th",A- ,PugPiano,38,535380,236608893,neutral
"1,315th",A- ,KjraGaming,1883,2196262,1626681644,neutral
"1,316th",A- ,Daily Fortnite Battle Royale…,620,2640631,601379654,neutral
"1,317th",A- ,Rajshri Tamil,6562,1539122,1249759673,neutral
"1,318th",A- ,Mobile MOBA Việt,2343,2888952,1108301474,neutral
"1,319th",A- ,Adexe & Nau,126,7588567,2657108669,neutral
"1,320th",A- ,Уральские Пельмени,1004,2457501,1087249108,neutral
"1,321st",A- ,Sai Recordds Digital,2348,1276962,470808169,neutral
"1,322nd",A- ,Mickey Mouse,235,2189629,1607342508,neutral
"1,323rd",A- ,七不哒哒,1195,137811,59047522,neutral
"1,324th",A- ,Nikol CrazyFamily,728,3682697,1187496318,neutral
"1,325th",A- ,VIDEO CHO BE YEU,657,-- ,480595157,neutral
"1,326th",A- ,Hector19Aquino,391,1066409,808468034,neutral
"1,327th",A- ,Gael 777,54,714188,153329523,neutral
"1,328th",A- ,Telugu Filmnagar,12902,4440458,2163185643,neutral
"1,329th",A- ,Sunny TV,1,-- ,131958,neutral
"1,330th",A- ,KuZin ToysReview,187,-- ,103154397,neutral
"1,331st",A- ,PUMBA,221,1241638,333105995,neutral
"1,332nd",A- ,บ้านสิงห์มิวสิค…,562,969026,317876412,neutral
"1,333rd",A- ,Earth,30,2395157,246277376,neutral
"1,334th",A- ,Eagle Music Video Station,348,1830357,363889936,neutral
"1,335th",A- ,FAM JAM,88,2280348,431118496,neutral
"1,336th",A- ,PlanetaOfficial,5181,1392239,3060758208,neutral
"1,337th",A- ,HooplaKidz Franҫais - Comptines et…,358,997671,240365487,neutral
"1,338th",A- ,Manucraft,3691,4053307,1359189838,neutral
"1,339th",A- ,Camila Loures,655,6545942,714963694,neutral
"1,340th",A- ,4G Entertainment,2730,-- ,179243201,neutral
"1,341st",A- ,HZHtube Kids Fun بالعربية,26,1963452,432371144,positive
"1,342nd",A- ,CoryxKenshin,1293,3186768,1332653849,neutral
"1,343rd",A- ,I Can Spirit,325,1423393,384173581,neutral
"1,344th",A- ,MindofRez,475,2203111,344408373,neutral
"1,345th",A- ,The Infographics Show,539,2958244,476370140,neutral
"1,346th",A- ,Sing King Karaoke,1634,4825342,2184752541,neutral
"1,347th",A- ,G Series (Music),1950,1265702,287883460,neutral
"1,348th",A- ,Mavi VD,156,68641,40815903,neutral
"1,349th",A- ,Serie A,16519,915316,228982277,neutral
"1,350th",A- ,The Young Turks,33882,4163102,4380447114,positive
"1,351st",A- ,GumTea TV,14,114244,9495,neutral
"1,352nd",A- ,Lucky Surprise ToysReview,76,1767919,397961992,positive
"1,353rd",A- ,Nhạc Thiếu Nhi,136,-- ,433118494,neutral
"1,354th",A- ,Masha y el Oso,223,3771504,1521992518,neutral
"1,355th",A- ,Travel Thirsty,367,1952558,670583200,neutral
"1,356th",A- ,Animals Rhymes,48,1202354,191929839,neutral
"1,357th",A- ,MundoBitaVEVO,37,856291,1197527067,neutral
"1,358th",A- ,BRIGHT TV,53494,2018635,1405218521,positive
"1,359th",A- ,Technical Guruji,1850,8531964,763573299,neutral
"1,360th",A- ,TraLaLa - Cantece si desene animate…,1234,-- ,2359730559,neutral
"1,361st",A- ,Mammyたまご,558,706858,568522550,neutral
"1,362nd",A- ,Infinite,492,6930368,819192179,neutral
"1,363rd",A- ,Kids TV India Hindi Nursery Rhymes,545,1909690,694524206,neutral
"1,364th",A- ,Cosculluela El Principe,66,3566275,1032028562,neutral
"1,365th",A- ,HobbyKidsTV,2843,3215705,5825849043,neutral
"1,366th",A- ,Otlichnoe / Отличное ТВ /…,657,47920,36206735,neutral
"1,367th",A- ,Fresh Media Records,135,2027928,632624062,positive
"1,368th",A- ,The Lallantop,3441,3243808,575570537,neutral
"1,369th",A- ,Video Game News,3937,892818,420879077,negative
"1,370th",A- ,HighlightsNepal,7713,2115930,1170202934,neutral
"1,371st",A- ,Maha Cartoon TV XD,69,641431,122314377,neutral
"1,372nd",A- ,SWTAD - Stories with Toys & Dolls,567,1243718,748231361,neutral
"1,373rd",A- ,adidas Football,100,1361377,167841270,neutral
"1,374th",A- ,TNV HINDI UPDATES,3136,-- ,191557950,neutral
"1,375th",A- ,Toy Trains 4u,2860,3225739,4331149495,neutral
"1,376th",A- ,FIFATV,7125,7202359,1810297231,neutral
"1,377th",A- ,Lime Tube[라임튜브],1245,1364735,1124291156,neutral
"1,378th",A- ,Star Maa,5760,1586465,394246894,neutral
"1,379th",A- ,東森新聞 CH51,188502,720563,1109957965,neutral
"1,380th",A- ,ReikaSole,270,511224,177363718,neutral
"1,381st",A- ,DALLMYD,423,5574584,477086744,neutral
"1,382nd",A- ,Patty Mayo,70,3535958,182148592,neutral
"1,383rd",A- ,Phim Khủng,516,125622,50755209,neutral
"1,384th",A- ,Promiflash,12003,1149082,1659522122,neutral
"1,385th",A- ,AdeS México,13,15506,58710406,neutral
"1,386th",A- ,Alesso,26,1765403,185298360,neutral
"1,387th",A- ,LINDA TV,15,-- ,62667589,neutral
"1,388th",A- ,GurinelTV,2329,1218000,730909496,neutral
"1,389th",A- ,Toddler Entertainment,32,169977,32524013,neutral
"1,390th",A- ,CGMeetup,1023,1605316,459748920,neutral
"1,391st",A- ,10-Minute Crafts,180,346691,114871583,neutral
"1,392nd",A- ,Vodafone Egypt,720,662952,526388977,neutral
"1,393rd",A- ,Juice WRLD,36,1340682,303603292,neutral
"1,394th",A- ,LBCI Lebanon,43551,-- ,1013065174,neutral
"1,395th",A- ,RussVEVO,60,2368671,894177248,neutral
"1,396th",A- ,Bely y Beto Oficial,211,955709,397360217,neutral
"1,397th",A- ,kevingatesTV,217,4001717,2758246285,neutral
"1,398th",A- ,Çukur,779,1766777,1142245127,neutral
"1,399th",A- ,MJ Media,278,298495,131561538,neutral
"1,400th",A- ,Луномосик,168,2069455,533503000,neutral
"1,401st",A- ,NhacPro Tube,458,3568246,2079095197,neutral
"1,402nd",A- ,SandraCiresArt,647,6987276,762450462,neutral
"1,403rd",A- ,Boyce Avenue,342,11715336,4220875406,neutral
"1,404th",A- ,MINIC BABIES,16,235275,44938860,neutral
"1,405th",A- ,Cris Devil Gamer,637,4205816,930054855,neutral
"1,406th",A- ,Humberto e Ronaldo,157,980156,336144858,neutral
"1,407th",A- ,Maymo,277,2391801,1126589074,neutral
"1,408th",A- ,DJ Game Remix in Thailand,343,1956107,640855322,negative
"1,409th",A- ,Al Nahar TV,35887,2889447,1241736579,neutral
"1,410th",A- ,Amazon Prime Video Brasil,13,45793,33357745,neutral
"1,411th",A- ,MySpass,5398,1630693,2120449865,neutral
"1,412th",A- ,FWF Indian Movies,873,1526912,601736023,neutral
"1,413th",A- ,Ennahar tv,121387,2017921,859483866,neutral
"1,414th",A- ,MAIKI021,798,7198107,750729697,neutral
"1,415th",A- ,Toys Academy,523,1702383,699082886,neutral
"1,416th",A- ,Aphmau,2627,3949940,2150608967,neutral
"1,417th",A- ,กระต่าย…,154,1068571,203828453,neutral
"1,418th",A- ,CanalKids - Brinquedos Surpresas,914,3406882,1066122287,neutral
"1,419th",A- ,FailArmy,682,14136558,4894420827,neutral
"1,420th",A- ,حول العالم !؟,1371,4802483,816275911,neutral
"1,421st",A- ,КЛОНДАЙК-ТВ…,121,190001,60713289,neutral
"1,422nd",A- ,ToyLabTV,179,1311479,1074247695,neutral
"1,423rd",A- ,OficialHungria,36,6050979,1422351054,neutral
"1,424th",A- ,Sorpresas Divertidas,667,1836170,601921316,neutral
"1,425th",A- ,50CentVEVO,63,4718895,3464225247,neutral
"1,426th",A- ,Bhojpuri HD Film,354,1088238,347370859,neutral
"1,427th",A- ,Los Juguetes de Titi,1116,5269469,2327780806,neutral
"1,428th",A- ,Sevimli Dostlar,309,2401704,1618870946,neutral
"1,429th",A- ,STRELKA Уличные Бои /…,2256,1079611,519736110,neutral
"1,430th",A- ,Nickelodeon UK,1323,1325024,916201067,neutral
"1,431st",A- ,MasterChef Brasil,782,1921212,790374502,neutral
"1,432nd",A- ,Jan Ackley,8,216849,59310990,neutral
"1,433rd",A- ,Cennet Kuşlarım TV,128,366480,85954713,neutral
"1,434th",A- ,Unique Vibes,430,323758,170952139,positive
"1,435th",A- ,What Would You Do?,220,2637063,688356947,neutral
"1,436th",A- ,Milusik Lanusik,161,2179174,675811948,neutral
"1,437th",A- ,Angry Birds,1697,2577647,3718848349,negative
"1,438th",A- ,Filmistaan,259,1550806,515529795,neutral
"1,439th",A- ,Fun Friend Indian,33,624083,59964197,positive
"1,440th",A- ,はじめしゃちょーの畑,106,941230,141619046,neutral
"1,441st",A- ,Rtv Drama,1519,1343343,288384131,neutral
"1,442nd",A- ,おるたなChannel,1383,1981323,1358596595,neutral
"1,443rd",A- ,Basim Karbalaei / باسم…,678,3513030,1061826856,neutral
"1,444th",A- ,TheNewAdamb99,207,1342817,128086641,neutral
"1,445th",A- ,Bayby Fun TV,15,-- ,58752572,positive
"1,446th",A- ,Evan Kids,200,2469427,914255019,neutral
"1,447th",A- ,Top5Gaming,255,1281107,199056596,neutral
"1,448th",A- ,Raghav Digital,27,1983899,661738566,neutral
"1,449th",A- ,Toys Time,270,-- ,288617576,neutral
"1,450th",A- ,Edu car toy school,831,982135,515257873,neutral
"1,451st",A- ,Santa Songs,447,-- ,1674927733,neutral
"1,452nd",A- ,Toy Egg Videos,602,988941,797011966,neutral
"1,453rd",A- ,My little Nastya,455,1046874,369256208,negative
"1,454th",A- ,Twins & Toys,63,1292398,440980625,neutral
"1,455th",A- ,Wedding Time,25,-- ,79414795,neutral
"1,456th",A- ,滾石唱片 ROCK RECORDS,4118,2129723,2356720673,neutral
"1,457th",A- ,Aswini Tv,499,1017736,560240171,neutral
"1,458th",A- ,BIG OG-ANIC,21,805557,131735270,neutral
"1,459th",A- ,Canal da Lelê,412,3427092,1042736575,neutral
"1,460th",A- ,ヒカル（Hikaru）,806,2734392,1529728429,neutral
"1,461st",A- ,AWESMR kids,1847,4565930,3303985862,neutral
"1,462nd",A- ,We support you,1802,789277,252285978,neutral
"1,463rd",A- ,MBC GROUP,4947,5756281,3153143385,neutral
"1,464th",A- ,Hiralal Mahto,78,90150,24762168,neutral
"1,465th",A- ,Smart Kids One Plus,97,-- ,313726236,positive
"1,466th",A- ,Tic Tac Toy,315,1861708,908555930,neutral
"1,467th",A- ,TuCanalMiCanal,104,663011,537857722,neutral
"1,468th",A- ,WatchMojo Español,1022,4576203,846234553,neutral
"1,469th",A- ,Voice of Heart Music,778,2188954,838927856,neutral
"1,470th",A- ,Wael Sharaf وائل شرف,604,729603,368663660,neutral
"1,471st",A- ,PewDiePie,3601,65995310,18684630003,neutral
"1,472nd",A- ,NoobFromUA,3473,839315,688061179,neutral
"1,473rd",A- ,Super Kids TV,244,3025759,1601044814,positive
"1,474th",A- ,86 & Custom Protection NET,2502,1144345,611481861,neutral
"1,475th",A- ,The Jerry Springer Show,3268,1184778,664552794,neutral
"1,476th",A- ,BonBon TV,129,142516,58893670,neutral
"1,477th",A- ,serial,1921,2293472,1666304371,neutral
"1,478th",A- ,#Mind Warehouse,360,4644035,1337876967,neutral
"1,479th",A- ,Tia Dani,259,1343883,310257045,neutral
"1,480th",A- ,Juliana Baltar,460,7090234,1435731933,neutral
"1,481st",A- ,Premium Digiplex Movies,232,2075952,944834824,neutral
"1,482nd",A- ,Viacom18 Motion Pictures,1084,1087411,550044639,neutral
"1,483rd",A- ,Google Россия,504,415252,315409060,neutral
"1,484th",A- ,Dobre Brothers,126,4546676,653337225,neutral
"1,485th",A- ,برنامج هي وبس,1590,1386754,129724059,neutral
"1,486th",A- ,Venus Regional,2863,2515931,855469926,neutral
"1,487th",A- ,Rytta l ريتا,9,85910,27012127,neutral
"1,488th",A- ,Cartoon India Tv 2018,562,-- ,89256157,neutral
"1,489th",A- ,Natti Natasha,17,1007128,191254670,neutral
"1,490th",A- ,benny blanco,4,80521,66750293,neutral
"1,491st",A- ,Polimer News,46419,1013339,435478046,neutral
"1,492nd",A- ,ElAlfaElJefeTV,68,1395713,416795697,neutral
"1,493rd",A- ,iDream Telugu Movies,68810,2176761,1410477548,neutral
"1,494th",A- ,Yuki Satachi [af taehyung],366,-- ,542626405,neutral
"1,495th",A- ,Baby Big Brain,901,795959,399703487,neutral
"1,496th",A- ,MelendiOficialVEVO,52,963125,638301105,neutral
"1,497th",A- ,HooplaKidz Brasil,184,1568285,363867757,neutral
"1,498th",A- ,Weird Stuff,436,670411,265255467,negative
"1,499th",A- ,FutureVEVO,129,4742093,2708707410,neutral
"1,500th",A- ,Happy Kids Games,170,-- ,227090419,positive
"1,501st",A- ,MUEVA Records,27,4037690,1260510782,neutral
"1,502nd",A- ,QPark,244,4300870,343839616,neutral
"1,503rd",A- ,Twine Cheeks,88,713126,80161302,neutral
"1,504th",A- ,KARAOKE TIẾN TÀI,1109,-- ,396469493,neutral
"1,505th",A- ,FOX,8583,1760600,1921538342,neutral
"1,506th",A- ,Nickelodeon India,265,910721,423681929,neutral
"1,507th",A- ,AndrewSchrock,2469,1990073,1130779526,neutral
"1,508th",A- ,Shivani Ka Thumka,55,502102,196687991,neutral
"1,509th",A- ,TBNRFrags,1696,3007986,493779209,neutral
"1,510th",A- ,I AM WILDCAT,915,6513108,1228262505,neutral
"1,511th",A- ,MAROTINHO FUNK,1473,-- ,100566945,neutral
"1,512th",A- ,Klinik am Südring,637,689405,353318485,neutral
"1,513th",A- ,ronaldOMG,1286,1738105,554731715,neutral
"1,514th",A- ,Alan Becker,78,6139179,723897853,neutral
"1,515th",A- ,Tommy'sToys,492,-- ,1334167224,neutral
"1,516th",A- ,Al Rojo Vivo,25101,1333787,763393831,neutral
"1,517th",A- ,La Voz Kids Colombia,754,2812994,1575578665,neutral
"1,518th",A- ,Peppa Pig em Português Brasil -…,255,2884019,464090974,neutral
"1,519th",A- ,Kara Sevda,1712,1563388,1350260390,neutral
"1,520th",A- ,Subhro Banerjee,15,322070,44552021,neutral
"1,521st",A- ,VTC14 - Thời tiết - Môi…,78042,852952,689365351,neutral
"1,522nd",A- ,FUNnel Vision,434,6668267,6505882342,neutral
"1,523rd",A- ,Great Big Story,1917,2785058,836092463,positive
"1,524th",A- ,RT,40763,2995772,2516114490,neutral
"1,525th",A- ,NHK,1742,729086,393349296,neutral
"1,526th",A- ,Sony Pictures Entertainment,3124,2597786,2069921703,neutral
"1,527th",A- ,Warner Bros. Pictures,2298,5956287,3432994097,neutral
"1,528th",A- ,The Official Gummibär Channel,355,3363922,3297602857,neutral
"1,529th",A- ,BBGro,36,762813,190778559,neutral
"1,530th",A- ,Sofia Reyes,52,1379978,462270676,neutral
"1,531st",A- ,Hakai,408,597257,212706766,neutral
"1,532nd",A- ,Banco do Brasil,544,82922,109488889,neutral
"1,533rd",A- ,Maiara e Maraisa,74,4734192,3012780219,neutral
"1,534th",A- ,Bolly Kick,582,2569118,956247971,neutral
"1,535th",A- ,兄者弟者,4129,2278563,1990196213,neutral
"1,536th",A- ,AwesomeToySurprises,1312,-- ,572686988,neutral
"1,537th",A- ,Blu Toys Club Surprise,2267,7003498,8619544370,neutral
"1,538th",A- ,Kid Studio,1168,2716765,1957159514,neutral
"1,539th",A- ,eating show,1438,-- ,189258729,neutral
"1,540th",A- ,Ariana Grande`,107,26061003,275668692,neutral
"1,541st",A- ,HooplaKidz Deutsch,230,864748,157320523,neutral
"1,542nd",A- ,Jorge el Curioso en Español,124,1773222,535135139,neutral
"1,543rd",A- ,OyuncaX TV,1350,1906758,1581641136,neutral
"1,544th",A- ,BonJoviVEVO,130,3033493,3070535967,neutral
"1,545th",A- ,RT en Español,42027,1726552,1131663531,neutral
"1,546th",A- ,Cinekorn Movies,276,1617932,535354342,neutral
"1,547th",A- ,Max Maximov,376,1380835,307140973,neutral
"1,548th",A- ,#Refúgio Mental,312,6979032,1135440729,negative
"1,549th",A- ,DUCK-Vibes,3,284736,62275671,neutral
"1,550th",A- ,Phuong Le,78,-- ,148781161,neutral
"1,551st",A- ,Super Kids,84,2444479,586136311,positive
"1,552nd",A- ,Jonni Valentayn,142,1914417,1326886102,neutral
"1,553rd",A- ,Chiquititas SBT,1388,3312224,1671895637,neutral
"1,554th",A- ,RobleisIUTU,346,5565489,1031576046,neutral
"1,555th",A- ,Myntra,1117,332987,309918457,neutral
"1,556th",A- ,ABN Telugu,14918,1332182,256941268,neutral
"1,557th",A- ,The X Factor UK,4155,6737396,5351304371,neutral
"1,558th",A- ,Аминка Витаминка,411,1842960,1763880178,neutral
"1,559th",A- ,Funny Vines,135,1783560,504979598,positive
"1,560th",A- ,Kinh Quốc Entertainment,53,384283,175946180,neutral
"1,561st",A- ,Robocar POLI TV,1359,1631271,1467614051,neutral
"1,562nd",A- ,Super Siah,218,1147499,325817295,positive
"1,563rd",A- ,Adult Swim,8599,3203596,2269196729,positive
"1,564th",A- ,Disney FR,2319,1806181,1749462132,neutral
"1,565th",A- ,fumikiri channel,136,757487,468228902,neutral
"1,566th",A- ,PinkVEVO,121,7650081,4115264804,neutral
"1,567th",A- ,Puthiya Thalaimurai TV,151597,1706859,712765728,neutral
"1,568th",A- ,Geetha Arts,1484,1032686,595115082,neutral
"1,569th",A- ,DJ ALEX,248,747280,240717569,neutral
"1,570th",A- ,KBSKpop,13546,2506031,1429180123,neutral
"1,571st",A- ,MBC THE VOICE KIDS,300,4568109,2928673186,neutral
"1,572nd",A- ,RHINO,848,2423804,1805881889,neutral
"1,573rd",A- ,또봇 V (Tobot V),1088,1256545,1667747443,neutral
"1,574th",A- ,takahashi taiyou,1433,1873878,743127975,neutral
"1,575th",A- ,Natkhat TV - Hindi Rhymes and Tales…,122,1018078,359942483,neutral
"1,576th",A- ,VGDR videos,97,301468,28436842,neutral
"1,577th",A- ,CalumScottVEVO,43,1324250,637226709,neutral
"1,578th",A- ,보겸 TV,8055,2534561,1070414960,neutral
"1,579th",A- ,Voot Kids,235,503864,184263596,neutral
"1,580th",A- ,WhiteZunder,4180,2960772,883368843,neutral
"1,581st",A- ,ManoWalterVEVO,30,1639793,682411740,neutral
"1,582nd",A- ,Noticias Caracol,43468,959473,276064049,neutral
"1,583rd",A- ,Zapping Sauvage,407,618860,222444613,neutral
"1,584th",A- ,Omar & Hana - Lagu Kanak-Kanak…,101,921738,418585507,neutral
"1,585th",A- ,PizzaSlice,145,702841,246877545,neutral
"1,586th",A- ,버스에 바퀴가 TV,757,-- ,121913387,neutral
"1,587th",A- ,CANAL+,1136,223592,83092718,neutral
"1,588th",A- ,Shemaroo Bollywood Comedy,940,2358605,697450678,neutral
"1,589th",A- ,CARLOS TUTORIAIS,257,-- ,24329466,neutral
"1,590th",A- ,Бернард,187,415422,247081246,neutral
"1,591st",A- ,Dj Adity,98,-- ,79166460,neutral
"1,592nd",A- ,Viên Kẹo Nhỏ,112,-- ,43456407,neutral
"1,593rd",A- ,Stygma Beast,87,412358,64048785,neutral
"1,594th",A- ,KIDS ZONE TV,135,2179914,467509616,neutral
"1,595th",A- ,Solo Enganchados,776,275155,108404687,neutral
"1,596th",A- ,The Surprise For Kids,136,2788564,670807104,neutral
"1,597th",A- ,OHA diyorum!,2370,4801222,2651086038,neutral
"1,598th",A- ,YAPYAP,2060,4230987,2394727608,neutral
"1,599th",A- ,FilterCopy,235,3092597,465088124,neutral
"1,600th",A- ,Carinha de Anjo,1884,4089888,1714361387,neutral
"1,601st",A- ,Zaccharie de la Mallée,39,59438,34537605,neutral
"1,602nd",A- ,Proximity,1182,7335491,3107986894,neutral
"1,603rd",A- ,Olympic,7292,2876126,1418540665,neutral
"1,604th",A- ,Whatsapp Status Videos,203,-- ,172987372,neutral
"1,605th",A- ,Đỗ Duy Nam,99,1317339,396445858,neutral
"1,606th",A- ,Johny FamilyShow,99,808908,174614923,neutral
"1,607th",A- ,Hành Tinh Đồ Chơi - Toy Planet,469,901241,330080326,neutral
"1,608th",A- ,Lyna,2324,3541861,1413952715,neutral
"1,609th",A- ,Mundo Bita,45,922407,656311203,neutral
"1,610th",A- ,Melliart,83,3992172,612452009,neutral
"1,611th",A- ,AuronPlay,341,10025556,1376607004,neutral
"1,612th",A- ,ラファエル,1262,1966087,917011194,neutral
"1,613th",A- ,SVF,721,1971785,928887396,neutral
"1,614th",A- ,ポッキー / PockySweets,2077,2118954,1856782092,neutral
"1,615th",A- ,SOUND ME HANG Official,83,1378098,556647818,positive
"1,616th",A- ,Trap City,1448,11078452,2933271644,neutral
"1,617th",A- ,Top Arab10s,908,1037346,304111140,positive
"1,618th",A- ,The Voice India Kids,552,1827987,769991029,neutral
"1,619th",A- ,허팝Heopop,1235,2273167,1690027375,neutral
"1,620th",A- ,Time In 913 تايم ان,157,982405,172389864,neutral
"1,621st",A- ,E! Entertainment,2989,1265946,943775267,neutral
"1,622nd",A- ,ElTrollino,1303,3484354,734608059,neutral
"1,623rd",A- ,Josh Grey,430,302719,159655969,negative
"1,624th",A- ,rey vegeta,388,45432,31458109,neutral
"1,625th",A- ,Clevver News,17618,4276640,3636488231,neutral
"1,626th",A- ,BestKidsColoring,311,1707909,543029091,neutral
"1,627th",A- ,六六撩劇,7277,313250,268855018,neutral
"1,628th",A- ,Angle Music Official Channel,9568,1290485,497575006,neutral
"1,629th",A- ,Vivo,1344,1972788,552503410,neutral
"1,630th",A- ,Onedio,1057,2495852,947744970,neutral
"1,631st",A- ,Lovely Kids Thailand,559,2218212,1058465941,positive
"1,632nd",A- ,Awakening Records,514,5751926,2524795914,neutral
"1,633rd",A- ,Red Arcade,233,2592401,657814726,neutral
"1,634th",A- ,BROO'S TV,38,655483,79327538,neutral
"1,635th",A- ,PoliceActivity,592,1125474,402144532,neutral
"1,636th",A- ,Awadhesh Premi Official,187,1054890,287940147,neutral
"1,637th",A- ,Los juguetes de Arantxa,723,2136598,775316793,neutral
"1,638th",A- ,CuriosityStream,489,63446,138238603,neutral
"1,639th",A- ,PJ Masks Official,218,1752996,578374251,neutral
"1,640th",A- ,Banglar Rs Music,493,683574,277439694,neutral
"1,641st",A- ,Trung Nguyên Official,65,143818,25601499,neutral
"1,642nd",A- ,Next9TvNews सीरियल…,30404,915574,407149985,neutral
"1,643rd",A- ,KHON IN LAM OFFICIAL,145,581055,122638219,neutral
"1,644th",A- ,FunToys Collector Disney Toys…,2417,10718272,14185582037,neutral
"1,645th",A- ,米津玄師,47,2247482,1057621242,neutral
"1,646th",A- ,VexTrex,137,-- ,52872341,neutral
"1,647th",A- ,Мирошка ТВ,36,719811,140198570,neutral
"1,648th",A- ,Malayalam News Time,2849,-- ,205127464,neutral
"1,649th",A- ,XclusiveGoGo (Old Channel),4386,45298,66861377,positive
"1,650th",A- ,LadyGagaVEVO,141,9461329,5562639871,neutral
"1,651st",A- ,BW Record Official,324,152942,47200809,neutral
"1,652nd",A- ,Pinkfong! Canciones Infantiles,322,1123295,431925395,neutral
"1,653rd",A- ,Pablo Alborán,140,3344659,2341355534,neutral
"1,654th",A- ,Cartoon Network Россия,1164,1576200,477519288,neutral
"1,655th",A- ,ЧЕРЕПАХА,180,512286,152594146,neutral
"1,656th",A- ,jvnq,4295,4256912,1159204177,neutral
"1,657th",A- ,Baby Nursery Rhymes,413,4630425,411578130,neutral
"1,658th",A- ,CJ SO COOL,673,5867668,1070842842,positive
"1,659th",A- ,GameMixTreize,3635,2456049,910076822,neutral
"1,660th",A- ,김재원의 즐거운게임 세상,719,943475,452043892,neutral
"1,661st",A- ,ЛиПиСиН - Песенки…,110,722063,180466589,neutral
"1,662nd",A- ,TapGameplay,9787,1137090,700129920,neutral
"1,663rd",A- ,Mariale,832,10090271,885145077,neutral
"1,664th",A- ,MiawAug,1637,2699400,557906361,neutral
"1,665th",A- ,Dekja,1005,2215625,1006786274,neutral
"1,666th",A- ,酷酷的文,365,509852,167960749,neutral
"1,667th",A- ,SBS 뉴스,48538,319155,455433472,neutral
"1,668th",A- ,Soosloli PoP,2936,18271,67983755,neutral
"1,669th",A- ,MeLlamanFredy,660,3155629,433518677,neutral
"1,670th",A- ,Hannah Stocking,76,4637967,739087884,neutral
"1,671st",A- ,MD Entertainment,5249,970898,476835845,neutral
"1,672nd",A- ,HJ NEWS,23596,-- ,1800148101,neutral
"1,673rd",A- ,РОМАН ФЛОКИ,1069,1433565,257228659,neutral
"1,674th",A- ,Netmediatama,23588,2073660,1383947955,neutral
"1,675th",A- ,Rclbeauty101,390,13676932,3057980145,neutral
"1,676th",A- ,LipaoGamer,6474,5947746,1426477659,neutral
"1,677th",A- ,Indonesian Idol Junior,36,239887,42267265,neutral
"1,678th",A- ,Beyond Wrestling,1820,885521,372804421,neutral
"1,679th",A- ,ABP ANANDA,48516,898453,294368764,neutral
"1,680th",A- ,Grace's World,200,1504202,1366807569,neutral
"1,681st",A- ,Naiara Azevedo,116,4090068,1289841608,neutral
"1,682nd",A- ,Tollywood Nagar,6926,782692,457705694,neutral
"1,683rd",A- ,DARK SECRETS,144,5573654,427334348,negative
"1,684th",A- ,Pyaar Lafzon Mein Kahan,241,1864611,473597788,neutral
"1,685th",A- ,Jokeasses,50,367360,45664161,neutral
"1,686th",A- ,BanderitaX,683,1833426,226114641,neutral
"1,687th",A- ,KanhaiyaCassette,2621,976564,496709082,neutral
"1,688th",A- ,Говорящий Том и…,294,2303847,904811881,neutral
"1,689th",A- ,RK Duggal Studios,601,2062324,519477163,neutral
"1,690th",A- ,Candy Play TV,347,2652980,926289053,neutral
"1,691st",A- ,SuperToyzCollector,109,517753,92106416,neutral
"1,692nd",A- ,Las Aventuras de Dani y Evan,294,471814,205519592,neutral
"1,693rd",A- ,Cambodia Wilderness,14,1167945,274461988,neutral
"1,694th",A- ,Real Madrid Rueda de Prensa,1724,69107,23150848,positive
"1,695th",A- ,442oons,904,2109057,1223911603,neutral
"1,696th",A- ,TVBS NEWS,161245,581582,1048630388,neutral
"1,697th",A- ,Kanak News,37547,816774,409424537,neutral
"1,698th",A- ,BiBaBo Nerf War,206,-- ,461666362,neutral
"1,699th",A- ,Pueblo Teehee - Canciones…,170,647430,239043709,neutral
"1,700th",A- ,ЮМОР ICTV -…,4736,1211864,644795263,neutral
"1,701st",A- ,Cloudy Network,20,118031,88441193,neutral
"1,702nd",A- ,БЕРИ И ДЕЛАЙ,985,2273304,354198335,neutral
"1,703rd",A- ,Team Edge,435,4784584,1390855431,neutral
"1,704th",A- ,Learn Colors For Kids,45,1026798,324889035,neutral
"1,705th",A- ,TheSoundYouNeed,322,4712175,1915854909,neutral
"1,706th",A- ,vicentefernandezVEVO,450,1208069,1444730410,neutral
"1,707th",A- ,МАМА+,72,527203,124754652,neutral
"1,708th",A- ,Ouu Ouu,140,-- ,231203946,neutral
"1,709th",A- ,AlNaharDrama,4087,2326062,1315094092,neutral
"1,710th",A- ,FEM,318,88325,72530720,neutral
"1,711th",A- ,창현거리노래방 쏭카페KPOP…,4328,1583176,785040920,neutral
"1,712th",A- ,FamousTubeKIDS,275,1053443,252580086,neutral
"1,713th",A- ,PitbullVEVO,193,10165068,7396809370,neutral
"1,714th",A- ,DreadMarIVEVO,55,924624,589540058,neutral
"1,715th",A- ,TV-People,11793,1586613,1606875014,neutral
"1,716th",A- ,Karina Garcia,276,8194242,1195875995,neutral
"1,717th",A- ,Just4fun290,1987,2695708,4820922981,neutral
"1,718th",A- ,スカイピース,845,2007520,953669641,neutral
"1,719th",A- ,ANAK PINTAR,399,787266,162288125,neutral
"1,720th",A- ,"Fran, Bel e Nina Kids",556,2389125,379816486,neutral
"1,721st",A- ,BiboBobi TV,39,-- ,149522075,neutral
"1,722nd",A- ,Radio Mirchi,2045,2639985,829180154,neutral
"1,723rd",A- ,JAGRUK,147,373749,29478827,neutral
"1,724th",A- ,OWN,14328,2413227,1255172556,positive
"1,725th",A- ,Toy Kids★トイキッズ,786,772394,910185222,neutral
"1,726th",A- ,wisinofficalVEVO,76,4583041,3336730939,neutral
"1,727th",A- ,Nerf War Movies,227,-- ,436994549,neutral
"1,728th",A- ,7-Second Riddles,944,1362634,368563156,neutral
"1,729th",A- ,VISION l الرؤية,285,635559,215744157,neutral
"1,730th",A- ,Un Poco De Todo - Plech,273,1253541,171094975,neutral
"1,731st",A- ,WhatsUpMoms,692,2298236,1324363586,neutral
"1,732nd",A- ,Nintendo,2991,4539096,1429680199,neutral
"1,733rd",A- ,Xiaomi Italia,39,2013,38763948,neutral
"1,734th",A- ,Dream English Kids,413,1455153,1048777855,neutral
"1,735th",A- ,Medcezir,1218,1283264,1273291907,neutral
"1,736th",A- ,fixiki,626,3739482,4189627421,neutral
"1,737th",A- ,AndresCepedaVEVO,47,414496,282709616,neutral
"1,738th",A- ,Armada Music,11107,3880265,2619201512,neutral
"1,739th",A- ,JONAS,715,2448238,581291174,neutral
"1,740th",A- ,CoCosToy English,612,876931,550126403,neutral
"1,741st",A- ,WorldMusic TV,17,608749,25828777,neutral
"1,742nd",A- ,japanesestuffchannel,2867,1663498,926277982,neutral
"1,743rd",A- ,MeghanTrainorVEVO,43,8855711,5328137152,neutral
"1,744th",A- ,Humble Music,191,2285762,645138394,negative
"1,745th",A- ,Bia Lobo,215,1945861,619728684,neutral
"1,746th",A- ,Oneindia Hindi |…,28825,2113363,711870103,neutral
"1,747th",A- ,Lu Li Pampín,75,499680,145354233,neutral
"1,748th",A- ,LP colors TV,212,39801,22147706,neutral
"1,749th",A- ,SBS Culture,99544,322193,402883303,neutral
"1,750th",A- ,Amelka Karamelka,326,793421,414764587,neutral
"1,751st",A- ,Kênh Bé Yêu,185,-- ,82967854,neutral
"1,752nd",A- ,NewShowBiz完全娛樂,5386,404191,341743870,neutral
"1,753rd",A- ,5SOSVEVO,57,3991709,984307410,neutral
"1,754th",A- ,BritneySpearsVEVO,99,5247356,4422204720,neutral
"1,755th",A- ,Viki Global TV,4885,1229226,676998380,neutral
"1,756th",A- ,DisneyMusicLAVEVO,82,2205852,830206387,neutral
"1,757th",A- ,MCVMedia,8780,1625808,1998650689,neutral
"1,758th",A- ,Zombie V4 [ Tiến Xinh Trai ],3043,2699793,1222507000,neutral
"1,759th",A- ,20th Century Fox,1847,3113635,1773496880,neutral
"1,760th",A- ,Funny English For Kids,15,611644,161466617,positive
"1,761st",A- ,Rammstein Official,97,2282998,1275767700,neutral
"1,762nd",A- ,Elhiwar Ettounsi,7951,1776869,1213479853,neutral
"1,763rd",A- ,นักผจญเพลง…,690,896418,336175311,neutral
"1,764th",A- ,Свинка Пеппа…,306,1266976,935444814,neutral
"1,765th",A- ,22funMedia,626,378217,222711238,neutral
"1,766th",A- ,Yashi Films,228,893916,203162567,neutral
"1,767th",A- ,Red finger family,46,-- ,31932333,neutral
"1,768th",A- ,ZEDDVEVO,50,4058450,1639989625,neutral
"1,769th",A- ,BuzzPranks,1332,2392878,987468720,neutral
"1,770th",A- ,GNP Music,553,2077670,1143536114,neutral
"1,771st",A- ,League of Legends,901,9084570,2127728712,neutral
"1,772nd",A- ,Kids Monster,1847,1028609,478101482,neutral
"1,773rd",A- ,YEAH1 MUSIC,3226,1916778,1949370879,neutral
"1,774th",A- ,Gibby :),120,7344119,1303300481,positive
"1,775th",A- ,더블비,189,916562,222990000,neutral
"1,776th",A- ,Pineapple StormTV,100,2663893,580359849,neutral
"1,777th",A- ,Waheed Shirzay,160,76054,30405288,neutral
"1,778th",A- ,Santander Brasil,721,473195,413137306,neutral
"1,779th",A- ,Playing with Kids,331,-- ,250503090,neutral
"1,780th",A- ,Elizabeth Swims,482,1114229,521064459,neutral
"1,781st",A- ,Gym4men,540,1154761,480196531,neutral
"1,782nd",A- ,J House Vlogs,1187,1486684,1219938106,neutral
"1,783rd",A- ,TV Promos,12556,1102212,1342234664,neutral
"1,784th",A- ,HKCinema,2906,1015396,601288805,neutral
"1,785th",A- ,MatheusKauanVEVO,83,4455889,2551177646,neutral
"1,786th",A- ,Keeper TheTank,2179,50738,21252582,neutral
"1,787th",A- ,TV3MALAYSIA Official,16487,730477,325671841,neutral
"1,788th",A- ,8D TUNES,44,1830063,64190948,neutral
"1,789th",A- ,Noor Stars,361,8535319,984167321,neutral
"1,790th",A- ,Typhlosion4President,1210,975770,859445125,neutral
"1,791st",A- ,Новий Канал,11524,2094594,1250830026,neutral
"1,792nd",A- ,MariAndKids,643,1179807,563344985,neutral
"1,793rd",A- ,Toys AndMe,591,9387446,2162794464,neutral
"1,794th",A- ,Call Me Kevin,484,1250422,219044446,neutral
"1,795th",A- ,MariahCareyVEVO,155,3299761,3148815118,neutral
"1,796th",A- ,Tran Bing,279,99049,26962284,neutral
"1,797th",A- ,Rahasya Talk Show,231,1450981,81968204,neutral
"1,798th",A- ,Fatos Desconhecidos,1931,9300204,1113479538,neutral
"1,799th",A- ,Muzik247,1105,1188633,626347397,neutral
"1,800th",A- ,Cool GAMES,435,570427,388726539,positive
"1,801st",A- ,Яндекс.Такси,83,4978,55581493,neutral
"1,802nd",A- ,AVM GANA,1276,-- ,224137730,neutral
"1,803rd",A- ,Bengali Fairy Tales,84,943776,309404592,neutral
"1,804th",A- ,MR.ROMEO,167,519534,182718436,neutral
"1,805th",A- ,Binggo Kids Tv - Nursery Rhymes,174,1088071,543508385,neutral
"1,806th",A- ,Pac Pac TV,7,243029,49021638,neutral
"1,807th",A- ,Super Kids,41,-- ,74861954,positive
"1,808th",A- ,Cat Tuber,181,767783,515544193,neutral
"1,809th",A- ,Popular Magazine Indonesia,1762,675886,332854478,positive
"1,810th",A- ,Smasher,142,584690,476326791,neutral
"1,811th",A- ,Bollywood Babes,743,1504831,1079654347,neutral
"1,812th",A- ,Blu-ray Clips,670,273512,148094678,neutral
"1,813th",A- ,Pikipoko,6,1016382,579401,neutral
"1,814th",A- ,DroidGameplaysTV,6022,897935,581203676,neutral
"1,815th",A- ,Children 3D Nursery Rhymes,109,327876,66298038,neutral
"1,816th",A- ,NewBadLabel,319,952088,463320052,neutral
"1,817th",A- ,US Open Tennis Championships,2287,119514,58350951,neutral
"1,818th",A- ,Söz Dizi,945,2073573,1059154845,neutral
"1,819th",A- ,F2Freestylers - Ultimate Soccer…,548,8576955,1547255351,neutral
"1,820th",A- ,NDJ MUSIC,8901,2722256,1446532788,neutral
"1,821st",A- ,The Daily Show with Trevor Noah,959,3557596,1114084483,neutral
"1,822nd",A- ,SAMSEARN OFFICIAL,2970,875047,261699047,neutral
"1,823rd",A- ,BrawlBRSTMs3 X,31145,427125,1577230609,neutral
"1,824th",A- ,pressnews tv,54821,1556502,748054958,neutral
"1,825th",A- ,enakimura,2652,1178637,951557036,neutral
"1,826th",A- ,Veritas Speak,540,82357,22483769,neutral
"1,827th",A- ,TMZ,28271,3259014,2949617858,neutral
"1,828th",A- ,Alka Music,911,1607717,694796148,neutral
"1,829th",A- ,Life Awesome,145,2397765,532023324,positive
"1,830th",A- ,Khandesh Fun,44,2369375,349876500,positive
"1,831st",A- ,DORETDEPLATINE,128,3485082,1600231155,neutral
"1,832nd",A- ,Google,2113,6605398,1926644643,neutral
"1,833rd",A- ,Tiny Treasures and Toys,1908,984496,879526862,neutral
"1,834th",A- ,Chills,131,2389065,327672376,neutral
"1,835th",A- ,Coca-Cola,2475,2587122,1692536672,neutral
"1,836th",A- ,Kids World Dream,307,-- ,231484375,neutral
"1,837th",A- ,Riot,1648,469005,211189310,neutral
"1,838th",A- ,SmartKID Monster,8,1802324,246329400,neutral
"1,839th",A- ,GAN_13_,286,1210568,310067178,neutral
"1,840th",A- ,철구형 (CHULTUBE),6820,1096778,990905518,neutral
"1,841st",A- ,도티 TV,3068,2379953,2143921128,neutral
"1,842nd",A- ,ARY News,39175,1730455,459593881,neutral
"1,843rd",A- ,WorldTopBest Official,38,469925,88994383,neutral
"1,844th",A- ,KBSEntertain,71732,2075344,2415535239,neutral
"1,845th",A- ,Animation Love,26,500994,83135529,positive
"1,846th",A- ,關鍵時刻,15517,1084609,995005096,neutral
"1,847th",A- ,Анатолий Шарий,4613,1586398,2187048565,neutral
"1,848th",A- ,Breakfast Club Power 105.1 FM,2475,2591111,869540039,neutral
"1,849th",A- ,officialpsy,93,12218000,6904034520,neutral
"1,850th",A- ,50 Cent,388,6591120,800751403,neutral
"1,851st",A- ,BabiezTV,253,1516114,581927564,neutral
"1,852nd",A- ,Phương Phương channel,122,-- ,62313653,neutral
"1,853rd",A- ,DonOmarVEVO,38,4026076,3334952776,neutral
"1,854th",A- ,kougeisha,1147,1294139,1971544706,neutral
"1,855th",A- ,Lord Kruszwil,117,2057493,183954783,neutral
"1,856th",A- ,DebRyanShow,343,8674759,772227617,neutral
"1,857th",A- ,SBT Online,23124,5942985,1789359132,neutral
"1,858th",A- ,Ирина Иваницкая DIY,235,1215694,221620463,neutral
"1,859th",A- ,RickyMartinVEVO,277,4206656,4288002050,neutral
"1,860th",A- ,mahzaidi,24,309748,27308922,neutral
"1,861st",A- ,Technique Life,104,104743,23601496,neutral
"1,862nd",A- ,WhatsApp Status Video Mayank,90,688207,106713403,neutral
"1,863rd",A- ,Disney Channel Brasil,2799,2304664,1002275909,neutral
"1,864th",A- ,NBA,28738,9729551,4980526055,neutral
"1,865th",A- ,mister custodian,1281,439443,461059741,neutral
"1,866th",A- ,Orkun Işıtmak,1191,5525402,1204063306,neutral
"1,867th",A- ,welovekamikaze,1868,6004518,3090616377,neutral
"1,868th",A- ,Canal 13,24236,930202,671589638,neutral
"1,869th",A- ,Shemaroo Kids,1295,1432031,705510585,neutral
"1,870th",A- ,KhalidVEVO,37,2466294,1192763424,neutral
"1,871st",A- ,Soh Aib,3768,113265,150886110,neutral
"1,872nd",A- ,MuzikPlay,5943,1468768,1611754487,neutral
"1,873rd",A- ,Mr Amit,191,295652,106809814,neutral
"1,874th",A- ,Bengali Movies - Angel Digital,9860,1118289,628649917,neutral
"1,875th",A- ,Hot Buzz,49,144634,81782371,positive
"1,876th",A- ,Babili TV Türkçe,37,625739,157835775,neutral
"1,877th",A- ,Warner Bros. Records,950,3197747,2310921743,neutral
"1,878th",A- ,Ricardo Galtieri,539,1792651,1166436876,neutral
"1,879th",A- ,Bhoot Pret Manu Bhaiya Ji,999,162291,54727215,neutral
"1,880th",A- ,Diva The Series,289,952033,556721221,neutral
"1,881st",A- ,StarPro,3136,1548216,1461083814,neutral
"1,882nd",A- ,theRadBrad,5624,9277700,3600840629,neutral
"1,883rd",A- ,MULTIMEDIOS,22339,1600819,1898973831,neutral
"1,884th",A- ,Вечерний Ургант,5427,2488433,1251385683,neutral
"1,885th",A- ,YouTubeBrasil,133,1264708,65749767,neutral
"1,886th",A- ,DeToxoMoroxo,322,9043283,1108469877,neutral
"1,887th",A- ,Fortnite SparkTV,227,1026010,307448826,neutral
"1,888th",A- ,سوبر سمعة,72,484034,165160526,neutral
"1,889th",A- ,SBS Entertainment,200928,1809240,1477119313,neutral
"1,890th",A- ,WAYANG JAWA,1766,-- ,174670959,neutral
"1,891st",A- ,JMMB Films,92,421546,117108593,neutral
"1,892nd",A- ,Pehchan Music,289,3277492,495079530,neutral
"1,893rd",A- ,MrGear,802,9029906,2422376846,neutral
"1,894th",A- ,Best Moments EVER,186,615021,347183214,positive
"1,895th",A- ,Town Production,761,603309,257396918,neutral
"1,896th",A- ,【レペゼン地球】僕達は更生しました。…,46,1345048,91588310,neutral
"1,897th",A- ,SuperLuigiLogan,235,2420093,370571408,neutral
"1,898th",A- ,TikTak Draw,435,3672192,542082258,neutral
"1,899th",A- ,JamesAVEVO,57,2501374,1190696165,neutral
"1,900th",A- ,Keller Lokomotion,54,847108,392451947,neutral
"1,901st",A- ,The Office US,326,713359,402909785,neutral
"1,902nd",A- ,MEGA BANDAS FANS,43,-- ,147332705,neutral
"1,903rd",A- ,Bradesco,382,1260112,688481697,neutral
"1,904th",A- ,Ekta Sound,1435,1061801,391218231,positive
"1,905th",A- ,COLORS,228,1791297,412928327,neutral
"1,906th",A- ,Moto Madness,1031,2591577,576638379,neutral
"1,907th",A- ,BITAG OFFICIAL,5907,914745,478520223,neutral
"1,908th",A- ,SENS DE BAHRAIN,838,333336,398912987,neutral
"1,909th",A- ,TopMax,316,2715500,827904847,neutral
"1,910th",A- ,Vox,880,4706104,1050074017,neutral
"1,911th",A- ,SECRET INDIAN TV,679,3533922,455956667,negative
"1,912th",A- ,BuddyTravelr,79,19552,24138430,neutral
"1,913th",A- ,Body Mania,1094,1902419,602739261,neutral
"1,914th",A- ,TUBERIDES,2395,595050,556028967,neutral
"1,915th",A- ,ぷろたん日記,1380,891979,492459986,neutral
"1,916th",A- ,Troom Troom SELECT,316,2502411,517801971,neutral
"1,917th",A- ,ExtraPolinesios,265,10579031,1872672067,neutral
"1,918th",A- ,FaZe Rug,1331,10016430,1954647208,neutral
"1,919th",A- ,Windy Beats,583,179233,73664398,neutral
"1,920th",A- ,Vikkstar123,4376,5165839,1388482326,neutral
"1,921st",A- ,Hana Callista,196,889995,317013534,neutral
"1,922nd",A- ,Vlad TV Show,324,1190567,359378079,neutral
"1,923rd",A- ,Steve TV Show,7226,2473965,1344803190,neutral
"1,924th",A- ,Thisiz Balti,22,2690287,799696178,neutral
"1,925th",A- ,TRT Çocuk,3101,1516582,1059761227,neutral
"1,926th",A- ,SHN MOVIES,6,-- ,58334990,neutral
"1,927th",A- ,LHARBA TV,108,260304,21246302,neutral
"1,928th",A- ,Aventura de Princesas,138,604522,251829616,neutral
"1,929th",A- ,TIM,67,246470,104893576,neutral
"1,930th",A- ,SAMAA TV,28132,1996692,803279243,neutral
"1,931st",A- ,Smile Toys Review,16,-- ,120364059,positive
"1,932nd",A- ,IndiaGlitz Tamil Movies |…,12095,2212189,1332018604,neutral
"1,933rd",A- ,偶像剧场 Idol & Romance,9197,386274,449489200,neutral
"1,934th",A- ,SERVANDOZL,2076,1160724,1061864818,neutral
"1,935th",A- ,Boomerang Deutschland,634,491891,262150419,neutral
"1,936th",A- ,Movie Thread,1131,283974,167912396,neutral
"1,937th",A- ,TheBeatlesVEVO,35,1363909,867703946,neutral
"1,938th",A- ,Nek Music Tv,1275,2080731,1925551955,neutral
"1,939th",A- ,Lama Faché,568,4047841,893665393,neutral
"1,940th",A- ,Nick Jr. Россия,273,930837,521489125,neutral
"1,941st",A- ,Royal Music Gang,61,-- ,134636371,neutral
"1,942nd",A- ,Gordon Ramsay,701,7346522,1191388695,neutral
"1,943rd",A- ,whinderssonnunes,349,31332790,2574018722,neutral
"1,944th",A- ,ดอยแม่สลอง…,190,831187,214491599,neutral
"1,945th",A- ,PAW Patrol Official,87,96285,78164491,neutral
"1,946th",A- ,Lil Peep,17,2361153,569851197,neutral
"1,947th",A- ,BrunoEMarroneVEVO,173,854274,802867130,neutral
"1,948th",A- ,Tarang Music,2910,734784,225061336,neutral
"1,949th",A- ,laSexta,12510,986200,1157329445,neutral
"1,950th",A- ,Landon,1099,1773601,174651246,neutral
"1,951st",A- ,Facia Üçlü,116,1231479,371034126,neutral
"1,952nd",A- ,Tfue,357,3725266,186096070,neutral
"1,953rd",A- ,Juke Dock,235,1589763,421090657,neutral
"1,954th",A- ,Fun & Diversion,121,246631,69393596,positive
"1,955th",A- ,PhonePe,72,12711,613379396,neutral
"1,956th",A- ,DinoSU,67,-- ,44063771,neutral
"1,957th",A- ,ЕвгенБро,725,2384271,854748345,neutral
"1,958th",A- ,Ami Rodriguez,231,7526004,857911486,neutral
"1,959th",A- ,msvogue23,10,701976,719591157,neutral
"1,960th",A- ,Bikini Ifrit,377,648951,209006274,neutral
"1,961st",A- ,AkonVEVO,35,3730269,2505457709,neutral
"1,962nd",A- ,Jessy & Miles ToysReview,94,-- ,197914812,neutral
"1,963rd",A- ,RicardoArjonaVEVO,129,1401142,1206784421,neutral
"1,964th",A- ,Knallerfrauen,711,1000732,942908463,neutral
"1,965th",A- ,헤이지니 Hey Jini,475,1166150,455023697,neutral
"1,966th",A- ,El Sobky Production - السبكي,208,2738745,1613586939,neutral
"1,967th",A- ,شبكة العاب العرب |…,1801,2839020,458626808,neutral
"1,968th",A- ,VIP KHABAR,774,-- ,174553346,neutral
"1,969th",A- ,Historias de Juguetes,605,2330795,991468240,neutral
"1,970th",A- ,IN LAWYERS,31,226303,38568475,neutral
"1,971st",A- ,Happy Channel,1725,2130839,961616516,positive
"1,972nd",A- ,Coloring And Puzzles With Tia,273,369036,120761340,neutral
"1,973rd",A- ,CAPTAIN Movies HD,449,1972515,500099891,neutral
"1,974th",A- ,The Noite com Danilo Gentili,5653,5483284,1400838030,neutral
"1,975th",A- ,SunnyKidsTV,36,3201317,1186348284,neutral
"1,976th",A- ,OGGY,437,2493631,1468087198,neutral
"1,977th",A- ,jaquar,87,89360,23182446,neutral
"1,978th",A- ,BabyBus - 子供の歌 -…,1494,527940,329101053,neutral
"1,979th",A- ,BIHARIWOOD -…,6148,1469586,641871894,neutral
"1,980th",A- ,Барбоскины,509,3744139,4544405185,neutral
"1,981st",A- ,Jazzghost,2999,6585445,1340960733,neutral
"1,982nd",A- ,Como dice el dicho,987,1843270,722689202,neutral
"1,983rd",A- ,DSA RECORD,144,529439,250218672,neutral
"1,984th",A- ,Werevertumorro,1035,16079323,2512967904,neutral
"1,985th",A- ,SkyrockFM,2748,2374116,834023903,neutral
"1,986th",A- ,justintimberlakeVEVO,65,6771155,3576006435,neutral
"1,987th",A- ,ETV Dhee,497,1624513,700000695,neutral
"1,988th",A- ,Yasin Pehlivan,1369,656047,246892237,neutral
"1,989th",A- ,Joelma e 3 vidas,28,1165805,218921145,neutral
"1,990th",A- ,API Malayalam,9463,875973,792179118,neutral
"1,991st",A- ,OficialMana,115,2726029,2445278967,neutral
"1,992nd",A- ,Toy Jelly,1201,2142162,809329458,neutral
"1,993rd",A- ,Amit ki Funny,33,86683,19703310,positive
"1,994th",A- ,Saregama TVShows,10309,670144,475746475,neutral
"1,995th",A- ,Filmi Jhankar,119,446999,142279967,neutral
"1,996th",A- ,Big Marvel,281,5269803,574998141,neutral
"1,997th",A- ,CrazyDek,78,1227432,370211442,neutral
"1,998th",A- ,H2ODelirious,1560,11157119,2494658095,neutral
"1,999th",A- ,XpressTV,268,8789992,1395979116,neutral
"2,000th",A- ,Skrillex,162,17951538,4728194776,neutral
"2,001st",A- ,Juan De Dios Pantoja,121,11911566,739812571,neutral
"2,002nd",A- ,YOYO DODI,147,586968,229970070,neutral
"2,003rd",A- ,Фильмы и Сериалы…,364,1031647,1295561334,neutral
"2,004th",A- ,The Voice Kids,467,3932663,2201503834,neutral
"2,005th",A- ,Cheers!,56,597597,64286627,neutral
"2,006th",A- ,Universal Pictures,700,1908802,1278241653,neutral
"2,007th",A- ,The Axel Show,571,550632,794144543,neutral
"2,008th",A- ,Top Gear,1085,5994199,1960523399,positive
"2,009th",A- ,Tips Buddy,277,1112395,127659516,neutral
"2,010th",A- ,Yasmin Verissimo,31,1765908,403999935,neutral
"2,011th",A- ,Kitchen Nightmares,873,2632490,1414504580,neutral
"2,012th",A- ,Crescendo com Luluca,473,3391947,599599269,neutral
"2,013th",A- ,Desi Music Factory,52,3620635,836086575,neutral
"2,014th",A- ,Indeed,399,-- ,164591054,neutral
"2,015th",A- ,djvlad,12755,2504732,1735318031,neutral
"2,016th",A- ,Liza Koshy,148,16015445,1822797538,neutral
"2,017th",A- ,ZaynVEVO,43,6488771,2363345307,neutral
"2,018th",A- ,Minik Tv,51,-- ,68342968,neutral
"2,019th",A- ,Мувики.рф — сцены…,348,319110,168326149,neutral
"2,020th",A- ,TRUYỆN CỔ TÍCH VIỆT NAM,466,820317,431431044,neutral
"2,021st",A- ,TAEEXZENFIRE,1350,4118649,810901750,neutral
"2,022nd",A- ,مصطفى الخاني | Mustafa…,454,516867,321898524,neutral
"2,023rd",A- ,Macklemore LLC,127,6497711,3121146533,neutral
"2,024th",A- ,Área Secreta,620,6872358,828779300,neutral
"2,025th",A- ,Arab in USA,27,-- ,42726677,neutral
"2,026th",A- ,Christina Perri,100,4099544,1931895353,neutral
"2,027th",A- ,Clash of Clans,234,12925023,1496306140,neutral
"2,028th",A- ,Princess ToysReview,501,1607289,835936722,neutral
"2,029th",A- ,天下有景,5439,16735,19458598,neutral
"2,030th",A- ,HawkFeed,1108,1318444,205949046,neutral
"2,031st",A- ,Badanamu,332,1300755,1264306941,neutral
"2,032nd",A- ,EverythingApplePro,1456,6074186,1457929874,neutral
"2,033rd",A- ,Bratayley,2438,6761228,3441670583,neutral
"2,034th",A- ,Chickypie,434,2536554,611782633,neutral
"2,035th",A- ,Spiritual Mantra,1223,1841044,456874310,neutral
"2,036th",A- ,French Montana - Topic,829,38456,51086047,neutral
"2,037th",A- ,Musicancion,328,528969,801538131,neutral
"2,038th",A- ,Quantum Tech HD,143,873217,195054848,neutral
"2,039th",A- ,AlArabiya قناة العربية,50924,2860343,1411793784,neutral
"2,040th",A- ,Memeulous,317,2301079,433165999,neutral
"2,041st",B+ ,CarlosRiveraVEVO,141,943408,753287629,neutral
"2,042nd",B+ ,Wow Cartoons,161,514130,173259391,positive
"2,043rd",B+ ,Avşar Film,1541,673261,401453542,neutral
"2,044th",B+ ,VH1,4493,1432258,851373637,neutral
"2,045th",B+ ,Manorama News,102344,1136547,767612793,neutral
"2,046th",B+ ,Master David,22,794799,181662848,neutral
"2,047th",B+ ,ЛитлБой Адам,462,767321,278973337,neutral
"2,048th",B+ ,しばなんチャンネル,380,1779397,713393817,neutral
"2,049th",B+ ,CalibreCincuentaVEVO,54,2947373,2079903525,neutral
"2,050th",B+ ,Baby Bear Juguetes y Sorpresas,116,885500,50200959,neutral
"2,051st",B+ ,Saas Bahu aur Saazish,13165,1183004,660989752,neutral
"2,052nd",B+ ,Shopee Thailand,97,78380,156384924,neutral
"2,053rd",B+ ,BollywoodSongs24/7,346,1047248,503724643,neutral
"2,054th",B+ ,Chanda,6906,2369246,676834824,neutral
"2,055th",B+ ,GreeicyVEVO,2,817020,258897325,neutral
"2,056th",B+ ,Authentic Boy'Z,8,60721,19626116,positive
"2,057th",B+ ,Chili World,65,515379,809967313,neutral
"2,058th",B+ ,BackstreetBoysVEVO,61,1958161,1742983289,neutral
"2,059th",B+ ,3BEPbEaero,9,17882,19415310,neutral
"2,060th",B+ ,ÂN BEAT,69,194703,86434860,neutral
"2,061st",B+ ,KidsMeSong…,296,1934804,847511564,neutral
"2,062nd",B+ ,أسرار لم تكن تعرفها,541,2408837,430241683,neutral
"2,063rd",B+ ,The Amazing World of Gumball,364,504376,300626089,positive
"2,064th",B+ ,FactTechz,144,5436273,347705146,neutral
"2,065th",B+ ,PS TAMIL SONGS,2936,-- ,243626688,neutral
"2,066th",B+ ,PTXofficial,141,15520551,3436582892,neutral
"2,067th",B+ ,ワタナベマホト,639,2247670,731782797,neutral
"2,068th",B+ ,LOL Network,389,2712992,392180101,positive
"2,069th",B+ ,Unutulmayan Diziler,2846,611182,622423922,neutral
"2,070th",B+ ,Videogyan Kids Shows - Cartoon…,134,2005187,1011196359,neutral
"2,071st",B+ ,Aaron Esser,205,1905890,613221047,neutral
"2,072nd",B+ ,Kênh TodayTV,3323,627126,388485071,neutral
"2,073rd",B+ ,Aj Art Production - عاج…,1000,1105151,1020123871,neutral
"2,074th",B+ ,Oficial.Tatiana,506,1812536,830782676,neutral
"2,075th",B+ ,RomanAtwoodVlogs,1532,14872281,4797790703,neutral
"2,076th",B+ ,RaymixVEVO,11,198381,605663113,neutral
"2,077th",B+ ,บรรจง,27,318576,109708405,neutral
"2,078th",B+ ,ElChurches,1593,4780519,1207595324,neutral
"2,079th",B+ ,Viih Tube,385,6014311,408088765,neutral
"2,080th",B+ ,captain entertainment,5,71335,22253484,neutral
"2,081st",B+ ,Wrestling Zone,164,1325186,306926350,neutral
"2,082nd",B+ ,KMH TV,190,289093,97520864,neutral
"2,083rd",B+ ,هل تعلم ! Did you know,404,1860908,371816974,neutral
"2,084th",B+ ,Guntur Talkies,1779,-- ,204570844,neutral
"2,085th",B+ ,Rajasthani Sangeet,187,496409,81659419,neutral
"2,086th",B+ ,Fun Family Three Ava Isla and…,777,1124962,971351788,positive
"2,087th",B+ ,Kyoot,1687,2213948,1259930126,neutral
"2,088th",B+ ,MC Naveed - Minecraft & Roblox and…,1088,1185487,630117939,neutral
"2,089th",B+ ,Tv9 Kannada,22800,1512995,563515050,neutral
"2,090th",B+ ,Ultra Movie Parlour,1055,2236377,748698606,neutral
"2,091st",B+ ,Os Amiguinhos,310,2560517,838197262,neutral
"2,092nd",B+ ,RT Arabic,56185,1909901,1002985721,neutral
"2,093rd",B+ ,SB Maffija,816,1200395,801043357,neutral
"2,094th",B+ ,Mr. Marmok,212,6638198,926951542,neutral
"2,095th",B+ ,Meshwa Films,630,814708,254783784,neutral
"2,096th",B+ ,Biper y sus Amigos,34,1886069,553005700,neutral
"2,097th",B+ ,SeanChou Music Channel,1708,772545,666647971,neutral
"2,098th",B+ ,Operación Triunfo Oficial,2735,609021,703996519,neutral
"2,099th",B+ ,Mirror Records,37,464301,64297307,neutral
"2,100th",B+ ,Rajasthani Chamak Music,118,199774,37595250,neutral
"2,101st",B+ ,The King of Random,724,10016304,1900795809,negative
"2,102nd",B+ ,Budha Subba Digital Pvt Ltd,5830,1807479,934283027,neutral
"2,103rd",B+ ,Flutter525,952,745228,608173901,neutral
"2,104th",B+ ,TCV Games,98,-- ,19303260,neutral
"2,105th",B+ ,3T Nerf War,221,-- ,164766145,neutral
"2,106th",B+ ,Electric Entertainment,40,4041,20092029,neutral
"2,107th",B+ ,Danieli Trabelsi,629,427329,456070963,neutral
"2,108th",B+ ,IMPACT Wrestling,13232,1753591,1365621693,neutral
"2,109th",B+ ,Kozak TV,181,134362,29507529,neutral
"2,110th",B+ ,sagamigaokaac,287,229243,127590620,neutral
"2,111th",B+ ,Josna Media,97,799117,383666047,neutral
"2,112th",B+ ,Standart Skill,968,1681118,373216150,neutral
"2,113th",B+ ,KygoOfficialVEVO,42,3222906,1844828544,neutral
"2,114th",B+ ,Семья пальчиков на…,239,376528,149830231,neutral
"2,115th",B+ ,Sunrise Media,295,658630,192981860,neutral
"2,116th",B+ ,Golden Line for TV Production and…,3004,1172053,991343065,positive
"2,117th",B+ ,Crime Files,101,1190149,245474135,neutral
"2,118th",B+ ,LAY TV,139,1062166,212660577,neutral
"2,119th",B+ ,Tom çocuk şarkıları,254,-- ,178563152,neutral
"2,120th",B+ ,Folagor03,5728,3355274,1426516928,neutral
"2,121st",B+ ,Tiket.com,107,164161,243304949,neutral
"2,122nd",B+ ,MANO DJHAY,1667,1456947,439207737,neutral
"2,123rd",B+ ,Little Big Toys,60,1278999,441980601,negative
"2,124th",B+ ,Mon Mon TV,97,173852,46537041,neutral
"2,125th",B+ ,chayanneVEVO,181,2057903,1946356419,neutral
"2,126th",B+ ,PhimViệt GameNhi Xỉn,140,-- ,173425136,neutral
"2,127th",B+ ,Totally TV,579,2707913,582516678,neutral
"2,128th",B+ ,Young Thug - Topic,515,88797,28734331,positive
"2,129th",B+ ,TheRelizzz / STUDIO,6806,602313,285310033,neutral
"2,130th",B+ ,El Chavo del 8,654,2470461,1465474148,neutral
"2,131st",B+ ,FifthHarmonyVEVO,88,10449981,5372162435,neutral
"2,132nd",B+ ,Sarah And Melanie Live,3808,458984,297742448,positive
"2,133rd",B+ ,BandaLosRecoditoVEVO,50,1545572,1691155661,neutral
"2,134th",B+ ,X Factor Global,440,1598969,551651259,neutral
"2,135th",B+ ,Канал о собаках Dog…,773,476675,75665044,neutral
"2,136th",B+ ,Rakanoo,1207,1446322,300094929,neutral
"2,137th",B+ ,HoneyheartsC,836,831172,639512596,neutral
"2,138th",B+ ,BlackEyedPeasVEVO,55,4095226,3829244190,neutral
"2,139th",B+ ,Jonaki Media,614,503506,277203266,neutral
"2,140th",B+ ,Musical Goutam,732,-- ,134443753,neutral
"2,141st",B+ ,Painzeiro,157,1004048,49535486,neutral
"2,142nd",B+ ,ShowBusiness,123,539817,281582684,neutral
"2,143rd",B+ ,Cracks,1038,3617190,1071345836,neutral
"2,144th",B+ ,dmc,56572,2056067,671293028,neutral
"2,145th",B+ ,Anaysa,233,3487386,377556726,neutral
"2,146th",B+ ,Planeta Faktów,656,2133082,827276508,neutral
"2,147th",B+ ,Amixem,438,4449730,822162724,neutral
"2,148th",B+ ,Mr Sagoo,267,731823,236287151,neutral
"2,149th",B+ ,Mama FLoo,352,102437,32572336,neutral
"2,150th",B+ ,MS Entertainments,866,144704,59526636,neutral
"2,151st",B+ ,KendrickLamarVEVO,56,6544133,2150673018,neutral
"2,152nd",B+ ,JRE Clips,1277,811574,347952123,neutral
"2,153rd",B+ ,RotonMusicTV,1342,2864770,3254868978,neutral
"2,154th",B+ ,Phim Siêu Nhân Nhật Bản,892,-- ,892942166,neutral
"2,155th",B+ ,BETO GAMER,2042,3119290,504442192,neutral
"2,156th",B+ ,Bie The Ska,750,7577261,2308331601,neutral
"2,157th",B+ ,Monde des Titounis,606,2436935,2330775125,neutral
"2,158th",B+ ,Real Life Player,148,312694,89307561,positive
"2,159th",B+ ,Disney Junior Israel,855,300097,176353663,neutral
"2,160th",B+ ,AWESMR slime,207,801950,280962270,neutral
"2,161st",B+ ,TIMUA TV,59,131339,39498033,neutral
"2,162nd",B+ ,RANCHOLAROSA,1387,106427,47708542,neutral
"2,163rd",B+ ,naturabr oficial,276,449592,261168332,neutral
"2,164th",B+ ,ToyMonster,682,-- ,3073335224,neutral
"2,165th",B+ ,Mother Goose Club,693,4913845,6005386413,neutral
"2,166th",B+ ,قناة المجلة,777,3427430,666704038,neutral
"2,167th",B+ ,BBC Three,1502,1036105,374495181,neutral
"2,168th",B+ ,Musile Records,220,1780035,549341523,neutral
"2,169th",B+ ,The Voice : la plus belle voix,1629,1101973,770835230,neutral
"2,170th",B+ ,Trinity Optima Production,837,1518203,1209920890,neutral
"2,171st",B+ ,N.E Let's Eat,301,1299759,338486903,neutral
"2,172nd",B+ ,NFL,13966,3554642,2177782042,neutral
"2,173rd",B+ ,Tiger,71,286210,22322515,neutral
"2,174th",B+ ,Manoj DnD Entertainment Hub,146,778103,58327604,neutral
"2,175th",B+ ,ProjVEVO,45,3988272,1040557071,neutral
"2,176th",B+ ,Gorillaz,165,4321095,1537024872,neutral
"2,177th",B+ ,Kids Learning,247,2095918,1011971334,neutral
"2,178th",B+ ,Matt and Rebecca,586,1711020,201185174,neutral
"2,179th",B+ ,Canal Misturadão,214,669254,247211485,neutral
"2,180th",B+ ,SUPER ELSA,135,944500,261748397,positive
"2,181st",B+ ,سيف SAIIF,84,1708507,206270872,neutral
"2,182nd",B+ ,Tropicumbiagrupera,655,-- ,562403527,neutral
"2,183rd",B+ ,พอดีม่วน STUDIO,131,1437421,555394769,neutral
"2,184th",B+ ,SUPERDivertilandia,519,1499891,924786130,neutral
"2,185th",B+ ,Catatan Fakta,26,-- ,18582815,neutral
"2,186th",B+ ,Paluten,4513,2964646,1730856803,neutral
"2,187th",B+ ,Nike,352,838076,163020570,neutral
"2,188th",B+ ,XuTi TV,50,-- ,145070929,neutral
"2,189th",B+ ,Itarte Vlogs,401,1755629,523146930,neutral
"2,190th",B+ ,Indian Oil Corporation Limited,204,57689,202036224,negative
"2,191st",B+ ,Hindi Dubbed Movies Collection,20,1719118,33761936,neutral
"2,192nd",B+ ,cea,617,213593,326833922,neutral
"2,193rd",B+ ,Carnatavr SS,692,34268,21207651,neutral
"2,194th",B+ ,DrJason,740,210159,80060448,neutral
"2,195th",B+ ,Come And Play,294,-- ,1819532983,neutral
"2,196th",B+ ,MBC The Voice,934,3793441,2187502441,neutral
"2,197th",B+ ,BÓNG ĐÁ HÔM NAY,462,380131,168834205,neutral
"2,198th",B+ ,JoJo Siwa Vlogs,425,3005990,403188170,neutral
"2,199th",B+ ,Hoje é dia de Marias,507,1885403,345514402,neutral
"2,200th",B+ ,ChuChuTV Surprise Eggs Toys,97,4554455,2442007348,neutral
"2,201st",B+ ,İyi Fikir,332,680209,277105611,neutral
"2,202nd",B+ ,Báo Thanh Niên,8020,400296,309222151,neutral
"2,203rd",B+ ,Viralbollywood,18926,1526658,616482628,neutral
"2,204th",B+ ,xKito Music,1189,1911948,1095218977,neutral
"2,205th",B+ ,Kodak Black,223,3786910,1725919553,negative
"2,206th",B+ ,BrosNacion,279,2655253,342536033,neutral
"2,207th",B+ ,المربد - إضحك مع…,163,2766521,527831612,neutral
"2,208th",B+ ,Kevas Music,248,-- ,485304273,neutral
"2,209th",B+ ,Felipe Araújo,59,2195709,677987155,neutral
"2,210th",B+ ,Slither MasterSp,413,608286,285660457,neutral
"2,211th",B+ ,Rainbow Art,159,453095,154227559,neutral
"2,212th",B+ ,asianetnews,83475,1783317,1107911197,neutral
"2,213th",B+ ,Rooster Teeth,7887,9564018,5626333315,neutral
"2,214th",B+ ,Grillonautas2,9649,826233,679391104,neutral
"2,215th",B+ ,RedHatter,2283,1874246,1228989457,neutral
"2,216th",B+ ,lolo 7 لولو,1547,1559746,350567033,neutral
"2,217th",B+ ,福茂唱片,1705,1283754,1769901171,neutral
"2,218th",B+ ,Disney,741,3179373,1976771553,neutral
"2,219th",B+ ,Unknown Mysteries Hindi,264,-- ,320051089,negative
"2,220th",B+ ,Walt Disney Thai Songs,787,366890,142312979,neutral
"2,221st",B+ ,TheThings,853,3144981,752196706,neutral
"2,222nd",B+ ,Huawei Mobile TH,93,299807,281159469,neutral
"2,223rd",B+ ,Fe4RLess,298,1651120,188344938,neutral
"2,224th",B+ ,SBS Drama,335521,1418619,1565758044,neutral
"2,225th",B+ ,Asianet Movies,2691,1085332,713750794,neutral
"2,226th",B+ ,alwiyan syafir,1330,484320,511156308,neutral
"2,227th",B+ ,Fizzy Fun Toys,390,1990667,1390549999,positive
"2,228th",B+ ,Boo Boo TV,351,1122315,484702132,neutral
"2,229th",B+ ,Lyca Productions,573,618640,142286485,neutral
"2,230th",B+ ,The Game Theorists,470,11118513,1748606843,negative
"2,231st",B+ ,عصابة بدر Badr_Family,257,1288985,253057622,neutral
"2,232nd",B+ ,Humor Multishow,1090,1853818,361226178,neutral
"2,233rd",B+ ,PinkyPopTOY,208,626272,210135278,neutral
"2,234th",B+ ,ШКОЛА,100,592161,98370843,neutral
"2,235th",B+ ,Little Movies - игры для…,564,605028,257790769,negative
"2,236th",B+ ,SUPER STORY,195,-- ,332399181,positive
"2,237th",B+ ,Samsung Thailand,790,461754,522242168,neutral
"2,238th",B+ ,DakPlay,685,1496489,754979965,neutral
"2,239th",B+ ,EminemMusic,105,30470865,289161755,neutral
"2,240th",B+ ,相信音樂BinMusic,1171,2080147,2196944144,neutral
"2,241st",B+ ,WildBrain - Cartoons for Children,1547,844122,402350548,neutral
"2,242nd",B+ ,EnzoKnol,3806,1988363,1748135261,neutral
"2,243rd",B+ ,Sports5,13068,1055020,472120031,neutral
"2,244th",B+ ,Fortnite,137,3374658,373692097,neutral
"2,245th",B+ ,CarlaMorrisonMusic,124,2063477,535737048,neutral
"2,246th",B+ ,OfficialSeamusica,9444,704253,566793507,neutral
"2,247th",B+ ,CentrumBrasil,46,22728,127761327,neutral
"2,248th",B+ ,TurmadoPagodeVEVO,99,1377325,994189182,neutral
"2,249th",B+ ,Gavin D,7,216977,71269705,neutral
"2,250th",B+ ,hmtv News,60814,665260,414068035,neutral
"2,251st",B+ ,WowShow,272,1616266,597766189,neutral
"2,252nd",B+ ,Yashi Music,561,989399,217558432,neutral
"2,253rd",B+ ,Мульт,751,1216520,882879865,neutral
"2,254th",B+ ,Wells Fargo,465,252827,308841634,neutral
"2,255th",B+ ,Little Lizard - Fortnite,102,1185106,145387219,negative
"2,256th",B+ ,SR Toys Collection,1753,-- ,3314535704,neutral
"2,257th",B+ ,Hip Hop/R&B Lyrics,1238,706774,455244290,neutral
"2,258th",B+ ,"SaraBeautyCorner - DIY, Comedy,…",104,9134828,1562751756,neutral
"2,259th",B+ ,Boishakhi TV,7304,1056466,303014861,neutral
"2,260th",B+ ,T-Series Telugu,3036,1843358,1071356232,neutral
"2,261st",B+ ,QueQuality,660,1428406,1034325541,neutral
"2,262nd",B+ ,عائلة عمر,188,646575,442627256,neutral
"2,263rd",B+ ,MCV TV,8295,952829,808718391,neutral
"2,264th",B+ ,Eddie Music Studio,469,-- ,108768129,neutral
"2,265th",B+ ,GeorgeEzraVEVO,51,633044,454640511,neutral
"2,266th",B+ ,TV宝宝,2,121251,24784400,neutral
"2,267th",B+ ,CBS News,64200,913362,762966229,neutral
"2,268th",B+ ,The Try Guys,27,3574514,109434537,neutral
"2,269th",B+ ,플레이리스트,184,1498139,231538330,neutral
"2,270th",B+ ,Fun Kids ABC,140,-- ,123610096,positive
"2,271st",B+ ,Color For Baby,218,3032226,773085720,neutral
"2,272nd",B+ ,TVBUSAofficial,13014,312970,431831160,neutral
"2,273rd",B+ ,HZHtube Kids Fun,263,4743049,926789097,positive
"2,274th",B+ ,Tin Nóng 2018,27,-- ,25735193,neutral
"2,275th",B+ ,Lazada Indonesia,335,137153,174381275,neutral
"2,276th",B+ ,DemiLovatoVEVO,165,12156723,4193478206,neutral
"2,277th",B+ ,Maha Cartoon Tv,394,749767,158951450,neutral
"2,278th",B+ ,Mana Telugu,5190,1178821,346815194,neutral
"2,279th",B+ ,Cantece Gradinita .ro,113,1274742,1506035575,neutral
"2,280th",B+ ,Lion King,246,1093911,310404564,neutral
"2,281st",B+ ,Realcinemas,1513,-- ,291731629,neutral
"2,282nd",B+ ,Cheeta Superfine Music,2060,1320569,563969155,positive
"2,283rd",B+ ,Gerencia360TV,788,1209800,575685381,neutral
"2,284th",B+ ,玩乐三分钟,808,433040,429919794,neutral
"2,285th",B+ ,Minh Pham,255,136640,89947468,neutral
"2,286th",B+ ,TheKAIRI78,3102,2280345,717505576,neutral
"2,287th",B+ ,BehindwoodsTV,11897,1746913,614614583,neutral
"2,288th",B+ ,Christian Nodal - Topic,30,471,17868274,neutral
"2,289th",B+ ,Soothing Relaxation,310,1817965,467096419,neutral
"2,290th",B+ ,"Free Music ""Nasr Mahrous""",685,1731335,684097169,positive
"2,291st",B+ ,Desi Beat,52,-- ,49076501,neutral
"2,292nd",B+ ,Nicki Swift,917,1516778,922040851,neutral
"2,293rd",B+ ,Miranda Sings,766,9629493,1774335743,neutral
"2,294th",B+ ,I'veGOT7,228,523349,248858675,neutral
"2,295th",B+ ,102 TUBE,352,-- ,206198480,neutral
"2,296th",B+ ,LucianoPereyraVEVO,109,735525,573020693,neutral
"2,297th",B+ ,DIEN QUAN Comedy / Hài,2280,3154499,2362867834,neutral
"2,298th",B+ ,Rainbow Kids,159,-- ,137978782,neutral
"2,299th",B+ ,GianlucaVacchiVEVO,2,204062,128950425,neutral
"2,300th",B+ ,KIDS Funny CartOOns,170,717374,223185766,positive
"2,301st",B+ ,KAYCEE & RACHEL in WONDERLAND…,52,624538,176899574,neutral
"2,302nd",B+ ,Play Doh Toys For Kids,180,2115013,661179935,neutral
"2,303rd",B+ ,Cheb Bilal - الشاب بلال,320,1239704,333294998,neutral
"2,304th",B+ ,Furious Jumper,2833,2103479,1062525032,neutral
"2,305th",B+ ,Hero Movies 2018,20,2260257,42876002,neutral
"2,306th",B+ ,VIRAL,590,4404823,1048127463,neutral
"2,307th",B+ ,Masha and The Bear,307,3985143,2239261807,neutral
"2,308th",B+ ,MrRevillz,1992,2460109,1248391319,neutral
"2,309th",B+ ,HappyKids TV,84,361481,82814643,neutral
"2,310th",B+ ,Dead Meat,210,1224645,236149263,negative
"2,311th",B+ ,Top Talent,235,1185375,407413227,positive
"2,312th",B+ ,Phim Hay Điện Ảnh,1979,1163753,690162807,neutral
"2,313th",B+ ,Casi Bebes,105,1376853,452116425,neutral
"2,314th",B+ ,Truyền Hình Đồng Tháp,23680,322974,207663937,neutral
"2,315th",B+ ,КУКУТИКИ - Детские…,178,1381051,1343885767,neutral
"2,316th",B+ ,Telugu Mix,3177,-- ,88212787,neutral
"2,317th",B+ ,Funny Kids TV,50,-- ,188691028,positive
"2,318th",B+ ,Juste pour rire les gags,1104,357619,201669027,neutral
"2,319th",B+ ,i Bosch i ボッシュ,694,-- ,169762888,neutral
"2,320th",B+ ,Live Bhakti Sangeet,1082,453354,76747088,positive
"2,321st",B+ ,Madame Récré FR,1227,1531562,1604924117,neutral
"2,322nd",B+ ,Primitive Technology KH,72,172802,46748256,neutral
"2,323rd",B+ ,GAM TOYS REVIEW,459,-- ,193186322,neutral
"2,324th",  ,Random,--,12275,17897584,negative
"2,325th",B+ ,BIC Group Official,431,12727,72234937,neutral
"2,326th",B+ ,SeikinTV,1559,3233617,2531207220,neutral
"2,327th",B+ ,Bunlar KAÇMAZ!,480,774778,344889412,neutral
"2,328th",B+ ,NoMadU55555,338,402329,339007000,neutral
"2,329th",B+ ,圈影圈外网中国电影,175,280801,96677230,neutral
"2,330th",B+ ,Prens Yankı,884,705226,413093510,neutral
"2,331st",B+ ,优优独播剧场——YoYo…,9778,973532,798154888,neutral
"2,332nd",B+ ,Vovô Raul Gil Oficial,2922,2105063,589040788,neutral
"2,333rd",B+ ,DE JuN,681,1031095,445688688,neutral
"2,334th",B+ ,AnimxHD,157,203493,130292239,neutral
"2,335th",B+ ,The Crazy Haacks,496,2398247,824482281,negative
"2,336th",B+ ,marcanthonyVEVO,80,2644778,2468241402,neutral
"2,337th",B+ ,sanimusicindonesia,1387,1287215,718272351,neutral
"2,338th",B+ ,Organ Minh Công Nhạc Sống…,492,-- ,180414533,neutral
"2,339th",B+ ,Maina ™,31,-- ,23149284,neutral
"2,340th",B+ ,Largarife2,2363,372111,268792715,neutral
"2,341st",B+ ,ruda e,105,33800,17985431,neutral
"2,342nd",B+ ,beegees,54,944661,921629675,neutral
"2,343rd",B+ ,This Morning,8667,893291,785068489,neutral
"2,344th",B+ ,вДудь,64,3658816,354752300,neutral
"2,345th",B+ ,Naz Status creations,419,100418,47481842,neutral
"2,346th",B+ ,Azteca Novelas,8553,2713479,1976672618,neutral
"2,347th",B+ ,RDC Rajasthani,13869,3216348,1155073793,neutral
"2,348th",B+ ,JessieJVEVO,75,6972498,3643059946,neutral
"2,349th",B+ ,Спуди Дуди-Ду,2205,-- ,263132213,neutral
"2,350th",B+ ,Megustapuescom 2,4804,-- ,255177474,neutral
"2,351st",B+ ,INNA,734,4492374,2654341325,neutral
"2,352nd",B+ ,HiHo Kids,483,1611223,343519058,neutral
"2,353rd",B+ ,LOR Boong Family,98,-- ,36682762,neutral
"2,354th",B+ ,Yuka Kinoshita木下ゆうか,1469,4713062,1609966933,neutral
"2,355th",B+ ,BaBYBo,21,826784,181921912,neutral
"2,356th",B+ ,SevenPerfectAngels,1386,3212348,1366889479,neutral
"2,357th",B+ ,BBC Radio 1,3751,5153719,1865942249,neutral
"2,358th",B+ ,Ẩn Số Thế Giới,3231,-- ,284249068,neutral
"2,359th",B+ ,videogamedunkey,602,4960723,1751356117,neutral
"2,360th",B+ ,Brooklyn and Bailey,340,5554740,850274985,neutral
"2,361st",B+ ,KapitalMusicTv,87,2628932,1840878473,neutral
"2,362nd",B+ ,FRAN,1946,1043243,370338467,neutral
"2,363rd",B+ ,Awadhesh Premi Personal,88,379807,64232500,neutral
"2,364th",B+ ,DADJU,37,1687547,467273212,neutral
"2,365th",B+ ,CANRUSH,8,61700,18238735,neutral
"2,366th",B+ ,Süper Güçlü Arabalar,877,1140193,716250940,neutral
"2,367th",B+ ,xFaRgAnx YT,3748,2747227,662810944,neutral
"2,368th",B+ ,Tic Tac Kids,18,-- ,46473432,neutral
"2,369th",B+ ,اغرب,788,3375109,506915474,neutral
"2,370th",B+ ,KaneBrownVEVO,39,731050,601956374,neutral
"2,371st",B+ ,Andrey Quoc,1289,38287,8387708,neutral
"2,372nd",B+ ,Riki MUSIC,104,727449,176180708,neutral
"2,373rd",B+ ,¡Caja Mágica! Vídeos in Spanish,329,1031152,411467694,neutral
"2,374th",B+ ,Migos ATL,68,6751009,1799399336,neutral
"2,375th",B+ ,Disney Junior España,1454,2441631,1829044618,neutral
"2,376th",B+ ,Music Al Haneen | ميوزك…,965,3407053,1259920481,neutral
"2,377th",B+ ,TV Menarik,761,-- ,129640540,neutral
"2,378th",B+ ,MrDeepSense,462,970539,548031332,neutral
"2,379th",B+ ,Talking Tom and Friends,255,8228103,2487310777,neutral
"2,380th",B+ ,Tim Milgram,242,2340495,530462795,neutral
"2,381st",B+ ,متع عقلك,1155,4998369,897660816,neutral
"2,382nd",B+ ,TVision,1177,1350100,710399715,neutral
"2,383rd",B+ ,Sidemen,59,3757189,277872732,neutral
"2,384th",B+ ,NFVEVO,57,1694551,756045807,neutral
"2,385th",B+ ,ToyChomper,306,510288,230953609,neutral
"2,386th",B+ ,Pupugames,1599,900633,415267166,neutral
"2,387th",B+ ,TrapMusicHDTV,857,5354895,1396420148,neutral
"2,388th",B+ ,NachoVEVO,11,3660087,1452633458,neutral
"2,389th",B+ ,ELLO,8052,3171986,3522077192,neutral
"2,390th",B+ ,DJSnakeVEVO,24,6790683,2355508909,neutral
"2,391st",B+ ,Atbaki,3181,261395,38544858,neutral
"2,392nd",B+ ,Kids Tv Português - Canções dos…,708,1801503,802628904,neutral
"2,393rd",B+ ,Amr Diab,98,2101023,291283763,neutral
"2,394th",B+ ,СИНИЙ ТРАКТОР -…,66,1161269,852631830,neutral
"2,395th",B+ ,Tantric Journey,70,25591,19109227,neutral
"2,396th",B+ ,ぐっちの部屋(ミラクルぐっち)…,5098,1073226,1913175325,neutral
"2,397th",B+ ,loonatheworld,550,414293,116142323,neutral
"2,398th",B+ ,4N1K İlk Aşk,224,410311,95390623,neutral
"2,399th",B+ ,الجانب المُشرق |…,845,1909809,175327178,neutral
"2,400th",B+ ,ChandSitaaray Sajid,1111,386420,85820244,neutral
"2,401st",B+ ,CRIME STORY,71,246848,71889088,neutral
"2,402nd",B+ ,Капуки Кануки,1041,1892917,3004056378,neutral
"2,403rd",B+ ,거의없다,96,164338,22570789,neutral
"2,404th",B+ ,KidsBabybus HD,1081,-- ,767152131,neutral
"2,405th",B+ ,ItsHARSH007 Gaming,1,23499,75,neutral
"2,406th",B+ ,SYMPA,992,1952314,318055764,neutral
"2,407th",B+ ,Karim Juega,404,202577,139732233,neutral
"2,408th",B+ ,Battle Nerf War,112,-- ,37933467,neutral
"2,409th",B+ ,FilmsActu,6868,2459628,1683209309,neutral
"2,410th",B+ ,Amazon India,738,768227,606639918,neutral
"2,411th",B+ ,COMEDY SONOTEK,780,1450109,455855878,neutral
"2,412th",B+ ,Deli Mi Ne?,125,1277957,118880839,neutral
"2,413th",B+ ,NTH Kids Toys,30,-- ,171378237,neutral
"2,414th",B+ ,Kids World Tv ✩,160,802459,262534769,neutral
"2,415th",B+ ,Desi Dance Mix Videos,84,-- ,148396490,neutral
"2,416th",B+ ,Facts TV,783,1310250,266078299,neutral
"2,417th",B+ ,Astro Arena,5826,175195,87255335,neutral
"2,418th",B+ ,ماسبيرو دراما,6287,753385,582014487,neutral
"2,419th",B+ ,Max Eddykin,150,76565,51486662,neutral
"2,420th",B+ ,Backhoe Toy 빽호토이,172,409579,147011784,neutral
"2,421st",B+ ,CumbiaTube,1128,1327599,998873012,neutral
"2,422nd",B+ ,CinemaSins,660,8131674,2487308976,neutral
"2,423rd",B+ ,Kapamilya Trending,781,535593,234506521,neutral
"2,424th",B+ ,Heroine Movies 2018,20,1478953,43406804,neutral
"2,425th",B+ ,KhangProFilm,284,1957170,743709946,neutral
"2,426th",B+ ,NFL Throwback,104,27884,18844031,neutral
"2,427th",B+ ,GameSpot,32535,3525843,2000234504,neutral
"2,428th",B+ ,kurtlar vadisi pusu وادي…,388,422663,154687952,neutral
"2,429th",B+ ,Ruposhi Bangla Tv,1796,972984,241922757,neutral
"2,430th",B+ ,Mundo Magico,243,-- ,257064137,neutral
"2,431st",B+ ,꼬꼬스토이 CoCosToy,777,394769,248518525,neutral
"2,432nd",B+ ,Wayfer Records,126,883961,435480456,neutral
"2,433rd",B+ ,Blanco y Negro Music,3325,1642846,1482897424,neutral
"2,434th",B+ ,Rüya'nın Çiftliği,432,649535,355053626,neutral
"2,435th",B+ ,News 24,38396,1559966,369062728,neutral
"2,436th",B+ ,寶寶巴士 - 兒歌童謠 -…,1711,648487,411042613,neutral
"2,437th",B+ ,Mettu Ka Pyaar,257,314095,240689379,neutral
"2,438th",B+ ,HollowPoiint,2782,2204795,488558005,neutral
"2,439th",B+ ,Eğlence Zamanı,780,969749,403838551,neutral
"2,440th",B+ ,super FUN kids,119,750705,218970574,positive
"2,441st",B+ ,Enaldinho,361,7133138,762656006,neutral
"2,442nd",B+ ,Quahog Land,355,-- ,364470227,neutral
"2,443rd",B+ ,Jackson O'Doherty,64,1013505,232519091,neutral
"2,444th",B+ ,TsMadaan,1401,5788897,570168157,neutral
"2,445th",B+ ,Lucas M&M XJ6,473,938803,67083324,neutral
"2,446th",B+ ,Ram Audio,2466,1109482,421976538,neutral
"2,447th",B+ ,AbbaVEVO,36,1021043,1352702226,neutral
"2,448th",B+ ,El Payaso Plim Plim,299,795765,470836949,neutral
"2,449th",B+ ,Oddbods Brasil,118,1055997,421887922,neutral
"2,450th",B+ ,lalola,2041,431965,453406331,neutral
"2,451st",B+ ,LOLiTO FDEZ,778,4018682,387874319,neutral
"2,452nd",B+ ,Tony TV,273,549863,142916622,neutral
"2,453rd",B+ ,Claudi Top,236,591556,215841207,positive
"2,454th",B+ ,Antonio Palmucci,82,1360453,864559462,neutral
"2,455th",B+ ,Xiaomi España,99,12049,48068091,neutral
"2,456th",B+ ,Cartoons Mee,951,602114,276028031,neutral
"2,457th",B+ ,미니특공대TV,220,408729,231709982,neutral
"2,458th",B+ ,J.i.M_M.i,248,296579,155597243,neutral
"2,459th",B+ ,COMO TREINAR,1992,1127043,588627903,neutral
"2,460th",B+ ,Хит ТВ,196,449469,222758042,neutral
"2,461st",B+ ,Bedaya TV l قناة بداية…,46566,1394051,2304243251,neutral
"2,462nd",B+ ,Little Princess Shinta,273,855876,407824674,negative
"2,463rd",B+ ,iPantellas,301,3800241,1177221724,neutral
"2,464th",B+ ,Colleen Ballinger,909,7073141,1222002200,neutral
"2,465th",B+ ,AD-WISE MEDIA ACTION MOVIEPLEX,173,1624785,465374354,positive
"2,466th",B+ ,Suresh Productions,3397,1073744,629743269,neutral
"2,467th",B+ ,lunacreciente,1478,3896149,1951728849,neutral
"2,468th",B+ ,КАЛЯКА-МАЛЯКА,405,1303173,882081282,neutral
"2,469th",B+ ,Drawblogs,202,6994479,677220640,neutral
"2,470th",B+ ,Crazy Colors Balls,70,-- ,220328473,negative
"2,471st",B+ ,Polycrol Piramal,26,6427,44608358,neutral
"2,472nd",B+ ,Dora poznaje swiat po polsku gry,20,241131,59519171,neutral
"2,473rd",B+ ,台灣蘋果日報,51490,460369,884015918,neutral
"2,474th",B+ ,AfacanTV,214,2228374,1287724532,neutral
"2,475th",B+ ,Sanam,101,4585822,845367333,neutral
"2,476th",B+ ,Три Кота,252,978506,741476286,neutral
"2,477th",B+ ,Shoot for Love 슛포러브,332,722618,235586165,positive
"2,478th",B+ ,東海オンエアの控え室,986,1742520,797654393,neutral
"2,479th",B+ ,Quality Production,78,140871,42986202,neutral
"2,480th",B+ ,PROMOCIONES RAMIREZ,544,257306,132491128,neutral
"2,481st",B+ ,Meleklerin Aşkı,177,280934,79204643,neutral
"2,482nd",B+ ,Dil Raju,1351,1775888,990587910,neutral
"2,483rd",B+ ,Fatos Alucinantes,9,139528,49602203,neutral
"2,484th",B+ ,Oishi Vietnam,32,11760,48988405,neutral
"2,485th",B+ ,Prestige Clips,538,4211124,782006061,neutral
"2,486th",B+ ,Hot Wheels,1647,1159193,860083329,positive
"2,487th",B+ ,Ynot,56,18327,24730481,neutral
"2,488th",B+ ,WildFilmsIndia,81888,1122335,709923922,neutral
"2,489th",B+ ,Bhad Bhabie,75,5473320,640792274,neutral
"2,490th",B+ ,Thinknoodles,3558,3710498,1322881853,neutral
"2,491st",B+ ,Iliass TiiwTiiw,35,2584990,704235170,neutral
"2,492nd",B+ ,ToyBox Tube,106,45371,24162152,neutral
"2,493rd",B+ ,Niska Officiel,74,3227522,865829061,neutral
"2,494th",B+ ,Google Thailand,287,410252,398994174,neutral
"2,495th",B+ ,Eskay Movies,651,1364627,579821560,neutral
"2,496th",B+ ,MBOofficial,718,1524368,590058505,neutral
"2,497th",B+ ,Корпорация Зла,425,1636637,512807325,neutral
"2,498th",B+ ,Genius,1276,3297749,626616696,neutral
"2,499th",B+ ,Google India,273,1674277,1116012715,neutral
"2,500th",B+ ,Toy Factory,277,682644,389312359,neutral
"2,501st",B+ ,Said BabyShow,20,850729,112698488,neutral
"2,502nd",B+ ,AlvaroSolerVEVO,36,1774651,1050234847,neutral
"2,503rd",B+ ,Football Santander,163,3411,17772160,neutral
"2,504th",B+ ,GloriaTreviVEVO,70,1166376,1130796654,neutral
"2,505th",B+ ,St3pNy,3909,3438920,1560896807,neutral
"2,506th",B+ ,Namiratek Fun,319,688334,279144668,positive
"2,507th",B+ ,bindass,3397,2671489,859489926,neutral
"2,508th",B+ ,TurboToyTime,194,687897,452314225,neutral
"2,509th",B+ ,さんこいち,327,962043,248510094,neutral
"2,510th",B+ ,Times Music,970,1956135,719224437,neutral
"2,511th",B+ ,JO Channel,227,338699,263050055,neutral
"2,512th",B+ ,first click,1285,1234198,477632188,positive
"2,513th",B+ ,Nepeta Страшилки,109,1435212,283321055,neutral
"2,514th",B+ ,Tribo da Periferia,57,3242097,651594176,neutral
"2,515th",B+ ,Twin Toys,339,3044354,1155989364,neutral
"2,516th",B+ ,NightcoreReality,304,3517889,2188209373,neutral
"2,517th",B+ ,Keurig Inc,174,16734,100964164,neutral
"2,518th",B+ ,LukeCombsVEVO,27,355193,385184221,neutral
"2,519th",B+ ,Haider Higer,922,718376,163706056,neutral
"2,520th",B+ ,PlayStation,9501,7421086,1900082551,neutral
"2,521st",B+ ,Carl & Jinger Family,589,2281725,700980271,neutral
"2,522nd",B+ ,Car Music,201,1165378,331515263,neutral
"2,523rd",B+ ,AttitudePOP,554,699230,340593577,neutral
"2,524th",B+ ,Legendary Power Rangers,3331,1111881,967535091,positive
"2,525th",B+ ,HoomanTV,57,4645932,752223014,neutral
"2,526th",B+ ,Nisha Madhulika,1319,5284376,1055113962,neutral
"2,527th",B+ ,Toys Unlimited JR.,239,593945,283617047,neutral
"2,528th",B+ ,たくっち,1273,896086,1410771888,neutral
"2,529th",B+ ,Young Thug,143,3020821,1422574029,positive
"2,530th",B+ ,Film4K - Phim Kiếm Hiệp,1483,417454,239755419,neutral
"2,531st",B+ ,Wrzzer,378,2836403,892255099,neutral
"2,532nd",B+ ,Siêu Nhân Người Nhện,252,1244631,520023902,neutral
"2,533rd",B+ ,MariAndToys,565,1359290,564665738,neutral
"2,534th",B+ ,EvanescenceVEVO,50,3390184,1741103915,neutral
"2,535th",B+ ,Natalia Oreiro,2679,463537,627218840,neutral
"2,536th",B+ ,DubstepGutter,1026,3570557,972623928,neutral
"2,537th",B+ ,ماشا و الدب,103,1167780,319263413,neutral
"2,538th",B+ ,TomoNews Indonesia,6014,1147706,944088350,neutral
"2,539th",B+ ,KhámPhá TV,242,377934,204396622,neutral
"2,540th",B+ ,Афоня TV,68,3030945,271839806,neutral
"2,541st",B+ ,Mr.Wheeler&Friends,398,819989,706696370,neutral
"2,542nd",B+ ,Natalies Outlet,267,6995220,1008463227,neutral
"2,543rd",B+ ,RaeSremmurdVEVO,50,5708564,2982265745,neutral
"2,544th",B+ ,La Bala,150,3849909,373728676,neutral
"2,545th",B+ ,3 Adım Müzik,1144,654270,544099971,neutral
"2,546th",B+ ,KIDS Z FUN,518,-- ,658032030,positive
"2,547th",B+ ,Minguado,921,4512030,1022249703,neutral
"2,548th",B+ ,PanArmenian TV,6329,401418,767554206,neutral
"2,549th",B+ ,Funny Tube,34,128119,72790063,positive
"2,550th",B+ ,Finger Family Songs,255,3425589,2524775184,neutral
"2,551st",B+ ,JoeyMontanaVEVO,20,2392322,1642039692,neutral
"2,552nd",B+ ,INDO MUSIC PLATINUM,140,925932,226466497,neutral
"2,553rd",B+ ,CBS All Access,171,47669,62744993,neutral
"2,554th",B+ ,BombaEstereoVEVO,49,533766,478250355,neutral
"2,555th",B+ ,Marunadan TV,5606,377764,153561923,neutral
"2,556th",B+ ,TheGamingBeaver,2174,2089792,1314546087,neutral
"2,557th",B+ ,ABCkidTV Misa,34,665314,149796926,neutral
"2,558th",B+ ,Bihari Films Bhojpuri,2150,-- ,128464373,neutral
"2,559th",B+ ,Sangeeta Music,2156,1368129,451805606,neutral
"2,560th",B+ ,EPIX,926,-- ,93439658,neutral
"2,561st",B+ ,Ludmilla,66,3959434,928094173,neutral
"2,562nd",B+ ,Hane & Mari's World Japan Kids TV,803,627249,370454124,neutral
"2,563rd",B+ ,SilbermondVEVO,31,29274,49682466,neutral
"2,564th",B+ ,Comment Awards,263,747854,213721463,neutral
"2,565th",B+ ,Digital Gyan,47,-- ,96297856,neutral
"2,566th",B+ ,Vision Time Tamil,6181,846898,482057974,neutral
"2,567th",B+ ,浙江卫视音乐频道 ZJSTV…,2689,777047,1033615783,neutral
"2,568th",B+ ,I Can See Your Voice PH,867,498428,296096485,neutral
"2,569th",B+ ,Ei Nerd,1291,4990306,668339486,neutral
"2,570th",B+ ,歌手官方音乐频道 SINGER,3022,762502,885572764,neutral
"2,571st",B+ ,OPUS MAGNUM,766,-- ,49355044,neutral
"2,572nd",B+ ,Gloom,506,1813224,284592198,negative
"2,573rd",B+ ,Calphalon,2,1280,19339793,neutral
"2,574th",B+ ,KINGOFDARKNESSCERBERUS АИД,404,1057668,251540695,neutral
"2,575th",B+ ,HGuitaraStudio - حيدر…,334,1417964,654684682,neutral
"2,576th",B+ ,Cambodia Wildlife,79,290582,68824165,neutral
"2,577th",B+ ,ActorVarunPruthi,138,2587816,332479259,neutral
"2,578th",B+ ,Kollywood Tamil News,1861,-- ,207636228,neutral
"2,579th",B+ ,MoDa ViraL,395,-- ,193657699,neutral
"2,580th",B+ ,SoyFredy,220,3213414,446468936,neutral
"2,581st",B+ ,Disney Junior Brasil,1063,1532886,675832044,neutral
"2,582nd",B+ ,TroyeSivanVEVO,64,2781631,603986750,neutral
"2,583rd",B+ ,Rajasthani Gorband Music,3788,1274324,504938340,neutral
"2,584th",B+ ,Deckdisc,6213,2292956,1710512922,neutral
"2,585th",B+ ,EllieGouldingVEVO,97,8145497,4355601745,neutral
"2,586th",B+ ,蘋果動新聞 HK Apple Daily,87296,1192744,1954751427,neutral
"2,587th",B+ ,Mountain Apple Company Inc,245,595088,762590058,neutral
"2,588th",B+ ,2MTV,8926,2653093,1282331963,neutral
"2,589th",B+ ,Mazzika - مزيكا,2562,3220720,1522609687,neutral
"2,590th",B+ ,공대생 변승주,887,1700929,534792697,neutral
"2,591st",B+ ,Goldmines Premiere,21,3334658,41879154,neutral
"2,592nd",B+ ,JennaMarbles,416,18525371,2824854098,neutral
"2,593rd",B+ ,Aventura,90,2000468,1888207077,neutral
"2,594th",B+ ,Toy Caboodle,601,601106,210416096,neutral
"2,595th",B+ ,Onyx Kids,67,511668,182784900,neutral
"2,596th",B+ ,지니키즈 Genikids (인기…,1016,467977,417977130,neutral
"2,597th",B+ ,えむれなチャンネル,239,1120124,316905147,neutral
"2,598th",B+ ,St.319 Entertainment,148,897418,299643846,neutral
"2,599th",B+ ,tobitoTv,61,-- ,31855032,neutral
"2,600th",B+ ,The Graham Norton Show,664,2027247,1078482372,neutral
"2,601st",B+ ,LHUGUENY,187,1979324,971489630,neutral
"2,602nd",B+ ,Lagu Anak Indonesia Balita,163,936623,447926342,neutral
"2,603rd",B+ ,LDShadowLady,1053,4202667,1699832633,neutral
"2,604th",B+ ,Claro Brasil,472,1223008,694411843,neutral
"2,605th",B+ ,Pixel Kinaragendis,409,391691,162681870,neutral
"2,606th",B+ ,AvrilLavigneVEVO,83,7262763,3448693882,neutral
"2,607th",B+ ,TheBrianMaps,333,7824681,1824583967,neutral
"2,608th",B+ ,Top 5s Finest,1033,2981658,885722386,positive
"2,609th",B+ ,Action Movies Digiplex,66,1223880,295322282,positive
"2,610th",B+ ,ToonToon Juegos,219,1793617,555488756,neutral
"2,611th",B+ ,MD Saddaf,634,684866,355460418,neutral
"2,612th",B+ ,Rajshri Kids,628,1241321,478571271,neutral
"2,613th",B+ ,BibisBeautyPalace,664,5333644,2074988692,neutral
"2,614th",B+ ,Primitive Survival Skills,41,755907,86410426,neutral
"2,615th",B+ ,jaipurthepinkcity,1915,2235636,311951036,neutral
"2,616th",B+ ,BemLoko,124,571256,218917495,neutral
"2,617th",B+ ,Rhymes for Super Kids,677,1766117,353731946,positive
"2,618th",B+ ,AmyWinehouseVEVO,28,1484286,1122176667,neutral
"2,619th",B+ ,JSL Global Media,6597,2532602,1253577226,neutral
"2,620th",B+ ,BogMonsterZ,257,-- ,165924291,neutral
"2,621st",B+ ,MaitreGimsVEVO,85,4134570,2533614944,neutral
"2,622nd",B+ ,ТВ Деткам,801,1378470,1861790005,neutral
"2,623rd",B+ ,瑪莎與熊 Masha and The Bear CH,175,771661,289541828,neutral
"2,624th",B+ ,Didi & Friends - Lagu Kanak Kanak,311,1247825,1060552992,neutral
"2,625th",B+ ,Dr. Sarita Basu,59,223588,21616196,neutral
"2,626th",B+ ,News7 Tamil,86158,1440648,530150556,neutral
"2,627th",B+ ,Sunday Production Official,589,675261,241022759,neutral
"2,628th",B+ ,Simply Nailogical,376,6082405,1027706062,neutral
"2,629th",B+ ,Bajki dla dzieci,26,815968,242251466,neutral
"2,630th",B+ ,XXXTentacion - Topic,39,113578,255295357,neutral
"2,631st",B+ ,Philip DeFranco,2348,6293640,2441804884,neutral
"2,632nd",B+ ,YouTúp Bí ẩn,183,-- ,147571155,neutral
"2,633rd",B+ ,The Voice Global,196,2709282,625181556,neutral
"2,634th",B+ ,Show Fever综艺风向标,7886,394288,354075716,neutral
"2,635th",B+ ,Brat,227,2304873,407608508,neutral
"2,636th",B+ ,Nykk Deetronic,145,983707,891000939,neutral
"2,637th",B+ ,GrupoTelemicroHD,5424,745770,290857749,neutral
"2,638th",B+ ,Daniel Lopez,611,153257,162896539,neutral
"2,639th",B+ ,Zen - Kun,368,1095018,406762051,neutral
"2,640th",B+ ,DalasReview,764,8128044,1631818535,neutral
"2,641st",B+ ,Mileninha Stepanienco,629,2847043,352301567,neutral
"2,642nd",B+ ,ChinoNachoVEVO,30,3419984,2761335456,neutral
"2,643rd",B+ ,video whatsapptube,240,1282009,445889862,neutral
"2,644th",B+ ,fikrifadlu,82,303668,51807253,neutral
"2,645th",B+ ,Hajime,25,585054,272898969,neutral
"2,646th",B+ ,Radhe Creation,58,1881497,287171421,neutral
"2,647th",B+ ,TODAY,9833,908518,748167197,neutral
"2,648th",B+ ,TmarTn2,9112,3462611,1240578191,neutral
"2,649th",B+ ,Resolve Carpet Cleaner,16,3395,32807135,neutral
"2,650th",B+ ,Kluna Tik,178,4096388,1675742843,neutral
"2,651st",B+ ,Sa1mon,60,224490,17466817,neutral
"2,652nd",B+ ,4NonBlondesVEVO,4,597625,559884173,neutral
"2,653rd",B+ ,제이제이 튜브 [JJ Tube],401,631831,444058873,neutral
"2,654th",B+ ,Lise LS_01,111,119272,172266742,neutral
"2,655th",B+ ,Klamille Warrior,8,91732,69207181,neutral
"2,656th",B+ ,Frost Diamond,430,1706244,309258705,neutral
"2,657th",B+ ,MasDivertidoTV,589,613540,289511654,neutral
"2,658th",B+ ,Nanpa Basico Oficial,63,1043566,405639578,neutral
"2,659th",B+ ,Jon Vlogs,517,3697293,350134603,neutral
"2,660th",B+ ,LeoDanVEVO,18,90847,187402142,neutral
"2,661st",B+ ,Laura Rômulo,429,69621,16000996,neutral
"2,662nd",B+ ,Show TV,7881,1843131,1584951345,neutral
"2,663rd",B+ ,MsMojo,1816,1818275,664835401,neutral
"2,664th",B+ ,WOW KIDS TV,16,-- ,60135305,positive
"2,665th",B+ ,Hope For Paws - Official Rescue…,361,3147897,717338004,neutral
"2,666th",B+ ,Даник Кек,559,783524,260315353,neutral
"2,667th",B+ ,BlackStarTV,202,3938269,950694569,neutral
"2,668th",B+ ,Imagen Noticias,57270,1445044,1107593939,neutral
"2,669th",B+ ,Teremok Baby,930,1283286,1210915528,neutral
"2,670th",B+ ,TIME MACHINE,300,1302843,504483414,neutral
"2,671st",B+ ,Game công chúa,389,81689,29604235,negative
"2,672nd",B+ ,Warner Music Japan,1939,1808895,1622755846,neutral
"2,673rd",B+ ,Freememeskids,28,465581,85280678,neutral
"2,674th",B+ ,JackJackPlays,490,1059810,672921624,neutral
"2,675th",B+ ,Kontor.TV,1887,4853178,4578123044,neutral
"2,676th",B+ ,ดีต่อใจ…,99,63848,19255045,neutral
"2,677th",B+ ,Dibujitos para niños,208,785365,207954560,neutral
"2,678th",B+ ,MR.B,356,2742241,523546651,neutral
"2,679th",B+ ,Comedyplus With Neetuarya,35,328377,41319558,neutral
"2,680th",B+ ,KN Cheno,59,236014,80345667,neutral
"2,681st",B+ ,Pabllo Vittar,52,4794644,792082916,neutral
"2,682nd",B+ ,DozeCamp,720,621459,279773481,neutral
"2,683rd",B+ ,brunokguimaraes,6,140009,66004790,neutral
"2,684th",B+ ,Lizzy Sharer,84,1330737,175765889,neutral
"2,685th",B+ ,VinesFromDR,36,487779,76252348,neutral
"2,686th",B+ ,madonna,278,2205333,911602658,neutral
"2,687th",B+ ,Celebrity Tv,2874,-- ,18594566,neutral
"2,688th",B+ ,Vosso Canal,926,3112638,425680321,neutral
"2,689th",B+ ,Weyyak. com,2266,572506,270741926,neutral
"2,690th",B+ ,IMediaMovies - أى ميديا…,1544,397141,251853154,neutral
"2,691st",B+ ,Узнавайка,915,966795,1045012657,neutral
"2,692nd",B+ ,melo92i,111,538859,402796474,neutral
"2,693rd",B+ ,Barvina,273,2420738,374238915,neutral
"2,694th",B+ ,LanaDelReyVEVO,39,6065074,2371140610,neutral
"2,695th",B+ ,OTV,37314,818809,295161533,neutral
"2,696th",B+ ,The Inner Studio,679,2408491,673204380,neutral
"2,697th",B+ ,قناة شعبيات / Sha3beyat…,4751,2019713,756026884,neutral
"2,698th",B+ ,Annoying Orange Gaming,1791,1848078,1232414730,negative
"2,699th",B+ ,Loli Moreno Gomez,1906,26148,22949684,neutral
"2,700th",B+ ,Pagla BaBa,27,519478,124226304,neutral
"2,701st",B+ ,Lucas Rangel,395,6795466,824934195,neutral
"2,702nd",B+ ,News 1st,4064,-- ,164077851,neutral
"2,703rd",B+ ,Imagen Entretenimiento,30272,1351336,669808152,neutral
"2,704th",B+ ,Fran para meninas,1284,4619154,1122878059,neutral
"2,705th",B+ ,Swiggy India,207,14280,192772568,neutral
"2,706th",B+ ,nigahiga,343,21236600,3866472711,neutral
"2,707th",B+ ,Bin Bin,153,-- ,66208731,neutral
"2,708th",B+ ,Arab Idol,1016,3593188,2199617230,neutral
"2,709th",B+ ,Daz Games,981,2256639,467242974,neutral
"2,710th",B+ ,Fran MG,1842,3721550,1448895028,neutral
"2,711th",B+ ,10-Minutes Amazing Life,193,170335,63251474,positive
"2,712th",B+ ,SeseGel,1317,1708062,601556169,neutral
"2,713th",B+ ,DD Rock,21,-- ,37865241,neutral
"2,714th",B+ ,Hero Kids,92,-- ,121298233,neutral
"2,715th",B+ ,MLP Happy Today,156,70979,21367745,positive
"2,716th",B+ ,Minecraft Parodileri,541,573245,178757030,neutral
"2,717th",B+ ,CD CHOICE Drama,1174,1216196,340651914,neutral
"2,718th",B+ ,Troom Troom FR,314,1424137,393517021,neutral
"2,719th",B+ ,fazz160,603,607936,332957662,neutral
"2,720th",B+ ,SevenAwesomeKids,2084,2591899,1320330267,neutral
"2,721st",B+ ,Comedy No.1,831,713896,197029536,neutral
"2,722nd",B+ ,Malabar Gallery,111,66270,20768104,neutral
"2,723rd",B+ ,Forty Movie,370,145418,77757397,neutral
"2,724th",B+ ,FrancodeVitaVEVO,117,1122835,1311308610,neutral
"2,725th",B+ ,Wow Kidz Action,769,1158939,359293183,positive
"2,726th",B+ ,festivaldevinachile,7436,1629930,1044777258,neutral
"2,727th",B+ ,Playlist,214,330878,178619929,neutral
"2,728th",B+ ,Boomerang Polska,606,152848,83019426,neutral
"2,729th",B+ ,Pablo Oficial,178,995155,340884111,neutral
"2,730th",B+ ,Niloya,373,1725336,1286091749,neutral
"2,731st",B+ ,Kiralık Aşk,1369,1199160,1785335503,neutral
"2,732nd",B+ ,Gold Coast Music,766,364629,125163380,neutral
"2,733rd",B+ ,Reto 4 Elementos,1179,757946,245083066,neutral
"2,734th",B+ ,The Master stroke,350,260096,17138261,neutral
"2,735th",B+ ,DjMaRiiO,1941,4289062,1241250859,neutral
"2,736th",B+ ,剧透大师,2254,-- ,72043355,neutral
"2,737th",B+ ,Lee Kwang Soo RUNNING MAN,332,11283,16169415,neutral
"2,738th",B+ ,Games EduUu,755,4640761,1043800875,neutral
"2,739th",B+ ,thevampirediaries,806,604544,185835823,neutral
"2,740th",B+ ,Desimpedidos,1692,6530508,1266676391,neutral
"2,741st",B+ ,We Are The Davises,841,2297233,863947524,neutral
"2,742nd",B+ ,SR Creation,399,-- ,236899101,neutral
"2,743rd",B+ ,Fortnite Daily Moments,599,481056,133002844,neutral
"2,744th",B+ ,VICE News,3328,3410335,854420068,neutral
"2,745th",B+ ,MasterChef Thailand,484,985991,316827389,neutral
"2,746th",B+ ,Ella Banana,307,561805,377697515,neutral
"2,747th",B+ ,Flavia Calina,1356,5718337,1843893788,neutral
"2,748th",B+ ,MisterSatanZ,32,120463,17357874,neutral
"2,749th",B+ ,K-391,27,963209,148601406,neutral
"2,750th",B+ ,PTC PUNJABI,6081,1482990,580659676,neutral
"2,751st",B+ ,Imo Video Club,416,-- ,15831479,neutral
"2,752nd",B+ ,LaSalle,2775,2747999,1251947588,neutral
"2,753rd",B+ ,ProstoTV,1769,1647344,1483377635,neutral
"2,754th",B+ ,Rubic8,658,212304,172640324,neutral
"2,755th",B+ ,StevenCrowder,756,2527487,522815132,neutral
"2,756th",B+ ,CarToys Tv,95,-- ,24670331,neutral
"2,757th",B+ ,PinkPanthersShow,124,831504,419601393,neutral
"2,758th",B+ ,SMG4,434,2421473,970734163,neutral
"2,759th",B+ ,СПС,809,2067452,807229875,neutral
"2,760th",B+ ,Moriah Elizabeth,157,1042945,133913976,neutral
"2,761st",B+ ,Berry Sorn,231,95109,20622828,neutral
"2,762nd",B+ ,Alee mtz ceja,104,422665,377845171,neutral
"2,763rd",B+ ,CAguileraVEVO,72,2619115,2100747662,neutral
"2,764th",B+ ,Mundo da Vivi,248,3788713,532028404,neutral
"2,765th",B+ ,CHOLCHET REMIX3,739,-- ,143002603,neutral
"2,766th",B+ ,Polsat,915,228405,199967762,neutral
"2,767th",B+ ,Kreyk,727,1533323,553785613,neutral
"2,768th",B+ ,RiChannel,887,696649,648403407,neutral
"2,769th",B+ ,Telenovelas,9383,334603,383964260,neutral
"2,770th",B+ ,EugenBro,681,2194042,612457297,neutral
"2,771st",B+ ,TAM STORY,2077,1609446,887853271,neutral
"2,772nd",B+ ,A Praça É Nossa,1524,1375864,521645637,neutral
"2,773rd",B+ ,태경 TV,1607,1268676,1293103265,neutral
"2,774th",B+ ,Sony YAY!,176,138910,43330939,neutral
"2,775th",B+ ,VTC Now,2600,181981,20694946,neutral
"2,776th",B+ ,Devotees Insanos Records,171,1551583,194057658,neutral
"2,777th",B+ ,Cartoon Network LA,1139,3473378,750717334,neutral
"2,778th",B+ ,리원세상RIWORLD,284,632278,230379119,neutral
"2,779th",B+ ,KDI MNCTV,2717,312492,206106914,neutral
"2,780th",B+ ,Film&Clips,5163,1245242,706348496,neutral
"2,781st",B+ ,Les Anges - La chaîne officielle,1912,866322,651930612,neutral
"2,782nd",B+ ,All Def,3109,3711154,1195339448,neutral
"2,783rd",B+ ,GameSprout,2121,3198799,1157420399,neutral
"2,784th",B+ ,UFC - Ultimate Fighting…,7198,4920648,1636013318,neutral
"2,785th",B+ ,samira dahbil,299,-- ,15369475,neutral
"2,786th",B+ ,Gabriela Rocha,219,2285062,440865115,neutral
"2,787th",B+ ,Talk Shows Central,46101,2043430,584108770,neutral
"2,788th",B+ ,2MadamesTV,1112,1016893,728101565,neutral
"2,789th",B+ ,Я Плакал,241,328892,175737200,neutral
"2,790th",B+ ,Star Jalsha,9474,883658,556505516,neutral
"2,791st",B+ ,BreakMan,188,2595565,381671209,neutral
"2,792nd",B+ ,Lentrius TV,532,1043237,492111885,neutral
"2,793rd",B+ ,Sanjivani Buti,541,-- ,159143613,neutral
"2,794th",B+ ,TheFuriousDestiny,373,66580,121070098,neutral
"2,795th",B+ ,Genius Production,449,332705,83319584,neutral
"2,796th",B+ ,Oyuncak Kraliyeti,344,1128207,758660731,neutral
"2,797th",B+ ,Novelas Telefe,3071,414672,200203819,neutral
"2,798th",B+ ,TopNotch,3283,1316176,1815444027,neutral
"2,799th",B+ ,3bdO - عبدو,509,1163019,309475841,neutral
"2,800th",B+ ,FCK THEM,480,1037533,469747260,neutral
"2,801st",B+ ,RuLingGame,1713,1388315,488586925,neutral
"2,802nd",B+ ,RDC Rajasthani HD,3220,952919,238349185,neutral
"2,803rd",B+ ,Lil Dicky,54,3687752,875902643,neutral
"2,804th",B+ ,Bethel Music,842,1491745,701053782,neutral
"2,805th",B+ ,杰威爾音樂 JVR Music,515,1409465,1916809335,neutral
"2,806th",B+ ,Kids Animals,61,-- ,40520990,neutral
"2,807th",B+ ,Got Talent España,749,1670533,552850162,neutral
"2,808th",B+ ,華研國際,1191,1326246,1531692758,neutral
"2,809th",B+ ,Black Bart,47,-- ,30793296,negative
"2,810th",B+ ,Comedy Central UK,2356,980627,618123207,neutral
"2,811th",B+ ,Tamil Phone Calls,263,-- ,53383838,neutral
"2,812th",B+ ,Sandaroo Kids [DisneyCarToys],3029,6096606,6841746256,neutral
"2,813th",B+ ,Kowiy,373,2132700,328927067,neutral
"2,814th",B+ ,rusplaying,156,1898137,630891285,neutral
"2,815th",B+ ,Bazzi,19,1119727,195288594,neutral
"2,816th",B+ ,Beauty Simple Treatment,59,-- ,15269015,neutral
"2,817th",B+ ,DosEquisMx,88,25588,114227522,neutral
"2,818th",B+ ,豪記唱片 HCM Music,2603,373099,701132737,neutral
"2,819th",B+ ,Dek Jew Chill Out,3026,2385669,1889800947,neutral
"2,820th",B+ ,matichon tv,23695,1184800,735240189,neutral
"2,821st",B+ ,ProviSound,1362,1149224,782214764,neutral
"2,822nd",B+ ,Gabriela Almeida,495,2128433,643588447,neutral
"2,823rd",B+ ,Supertone Digital,1746,1895826,410280891,neutral
"2,824th",B+ ,New Love Status,412,-- ,157194838,positive
"2,825th",B+ ,Mis Pastelitos,293,5725806,626439291,neutral
"2,826th",B+ ,SamsuL OfficiaL,123,606999,79682716,neutral
"2,827th",B+ ,Visitmex,407,34886,122297311,neutral
"2,828th",B+ ,Coisa de Nerd,1792,8630366,2226884061,neutral
"2,829th",B+ ,Ventaneando,12282,808851,706168952,neutral
"2,830th",B+ ,RagnBoneManVEVO,53,1554603,784960469,neutral
"2,831st",B+ ,Nickelodeon Italia,1115,584405,478881766,neutral
"2,832nd",B+ ,Akillheals,872,132745,283244686,neutral
"2,833rd",B+ ,NiceeTV - лучшие вайны,214,480972,130870127,neutral
"2,834th",B+ ,windy31,2245,4020103,1243004812,neutral
"2,835th",B+ ,Dj Ankush,292,-- ,97671397,neutral
"2,836th",B+ ,Leandro Borges,67,933509,160417082,neutral
"2,837th",B+ ,SuperbLyrics,509,1084644,387816147,neutral
"2,838th",B+ ,Action Tadka India,1021,1093363,499854957,positive
"2,839th",B+ ,Canal Rodrigo Mota TV,61,1346084,298668942,neutral
"2,840th",B+ ,Top Pakistani Dramas,4723,1140055,448774605,positive
"2,841st",B+ ,Shawn Woods,425,902212,246157102,neutral
"2,842nd",B+ ,Oops Buron,807,1099894,260203013,neutral
"2,843rd",B+ ,BuBuPlus,1040,-- ,243112209,neutral
"2,844th",B+ ,Niharika Movies,25306,927801,589415282,neutral
"2,845th",B+ ,Brijnaari Sumi,1785,2896319,501256772,neutral
"2,846th",B+ ,Nickelodeon en Español,1586,993311,413737872,neutral
"2,847th",B+ ,Miramax,1737,561393,373183309,neutral
"2,848th",B+ ,Hottel Mazzafera,565,3157733,333822413,neutral
"2,849th",B+ ,TellyMasala,9806,1688479,836314765,neutral
"2,850th",B+ ,borkomcl,438,30803,25233958,neutral
"2,851st",B+ ,奇宝萌兵 - ODDBODS,220,92158,25518263,neutral
"2,852nd",B+ ,jacksfilms,1048,4374183,1848488915,neutral
"2,853rd",B+ ,Kids Car Fun,10,-- ,62672045,positive
"2,854th",B+ ,Happy Bachpan,453,1434560,483736844,positive
"2,855th",B+ ,Galatta Tamil |…,13398,631145,199048417,neutral
"2,856th",B+ ,PortugaPC,1261,5221177,621282327,neutral
"2,857th",B+ ,Random Encounters,679,1892270,552027053,negative
"2,858th",B+ ,Lartiste Officiel,30,3235010,1047216105,neutral
"2,859th",B+ ,CMA Music,119,384230,181489130,neutral
"2,860th",B+ ,taff,2063,959906,882755302,neutral
"2,861st",B+ ,THAI TALE,222,875740,352399718,neutral
"2,862nd",B+ ,АЛЕКСАНДРА…,120,1322374,98198564,neutral
"2,863rd",B+ ,cosfit1,164,48824,15091670,neutral
"2,864th",B+ ,SimoneSimariaVEVO,22,3898417,1443125038,neutral
"2,865th",B+ ,TharProductionPak,11865,1660291,728973384,neutral
"2,866th",B+ ,AwesomenessTV,6008,6577972,2296550787,neutral
"2,867th",B+ ,Studio Sangeeta,1636,1110501,336010778,neutral
"2,868th",B+ ,DED,596,2022493,398698323,neutral
"2,869th",B+ ,BabyKVEVO,19,834244,573934391,neutral
"2,870th",B+ ,EduardoCostaVEVO,94,1188186,720227221,neutral
"2,871st",B+ ,SK tv,2831,1382501,445750626,neutral
"2,872nd",B+ ,Rashed AlMajid - راشد…,806,983067,690866722,neutral
"2,873rd",B+ ,Orange Egypt,665,941778,570895687,neutral
"2,874th",B+ ,Combo Panda,231,457917,293364115,neutral
"2,875th",B+ ,SoSorry,661,1807103,614319808,neutral
"2,876th",B+ ,KHƯƠNG DỪA CHANNEL,338,384124,163219991,neutral
"2,877th",B+ ,MariAndFriends,1122,1167302,671927572,neutral
"2,878th",B+ ,حول العالم 2,1094,3022843,503327290,neutral
"2,879th",B+ ,Red Bull,6507,7642861,1985654311,neutral
"2,880th",B+ ,Голос країни,3186,1259348,1142337606,neutral
"2,881st",B+ ,Giải Trí TV,537,162364,55689423,neutral
"2,882nd",B+ ,iPhim - Phim Bất Hủ,1062,174289,54920307,neutral
"2,883rd",B+ ,Guitarzsk,23,281498,79308208,neutral
"2,884th",B+ ,Hiếu Organ,894,-- ,51439606,neutral
"2,885th",B+ ,Phong Zhou,1528,1066867,275687071,neutral
"2,886th",B+ ,Tips Top 007,36,461854,89146029,positive
"2,887th",B+ ,CyndiLauperVEVO,40,985998,1092527767,neutral
"2,888th",B+ ,celebrity Snaps,2155,-- ,138888436,neutral
"2,889th",B+ ,Bollywood Movies,30,128949,28112087,neutral
"2,890th",B+ ,toksound,284,576143,658088531,neutral
"2,891st",B+ ,Jesus Adrian Romero,78,2950056,1223393247,neutral
"2,892nd",B+ ,Shemaroo Bhakti,1798,1771351,453997269,neutral
"2,893rd",B+ ,Papa Jake,3456,5198225,1107406426,neutral
"2,894th",B+ ,Dudu Moura,3139,3199030,868144210,neutral
"2,895th",B+ ,Cuentos y Canciones Infantiles,197,1317913,467255971,neutral
"2,896th",B+ ,Sara Roses,259,347167,237532680,neutral
"2,897th",B+ ,Thanthi TV,69843,1071589,418132080,neutral
"2,898th",B+ ,Petit Espiègle,468,523913,52949803,neutral
"2,899th",B+ ,로미유 스토리[Romiyu Story],69,120125,27437812,neutral
"2,900th",B+ ,Ciara,67,3220152,99124130,neutral
"2,901st",B+ ,The Rybka Twins,143,3531429,381882756,neutral
"2,902nd",B+ ,MechanicZ,69,462853,81697942,neutral
"2,903rd",B+ ,العاب سيمبا…,474,691078,421290338,neutral
"2,904th",B+ ,ToyKids,707,1559949,440314641,neutral
"2,905th",B+ ,NDTV,69450,2488785,1185616288,neutral
"2,906th",B+ ,Boomerang UK,1249,936861,700117837,neutral
"2,907th",B+ ,Televízia JOJ,20417,286258,543396771,neutral
"2,908th",B+ ,Video Clip Giải trí,201,153330,77042201,neutral
"2,909th",B+ ,BrunoBarrettoVEVO,29,310120,161459246,neutral
"2,910th",B+ ,Deddy Corbuzier,194,1882776,204538656,neutral
"2,911th",B+ ,Suvarna News | ಸುವರ್ಣ…,47317,787818,432842174,neutral
"2,912th",B+ ,Star Media,4786,1394020,953061574,neutral
"2,913th",B+ ,Gcaothu CHANNEL,1517,956274,270795642,neutral
"2,914th",B+ ,ToysReviewToys,1855,2081967,2316867913,neutral
"2,915th",B+ ,The Action Lab,335,1547654,312149447,positive
"2,916th",B+ ,VTV24,10467,461572,218132097,neutral
"2,917th",B+ ,Cartoon Network India,1424,398891,255973881,neutral
"2,918th",B+ ,Starsky,407,388813,106195817,neutral
"2,919th",B+ ,CaseyNeistat,961,10316468,2363070345,neutral
"2,920th",B+ ,Wandi Brother,31,67777,7413067,neutral
"2,921st",B+ ,Sofie Dossi,98,2574767,272369803,neutral
"2,922nd",B+ ,DawsenTv - Bengali Stories & Rhymes,744,934292,408303091,neutral
"2,923rd",B+ ,Xem gì hôm nay TV,462,1688194,334481262,neutral
"2,924th",B+ ,ZaiLetsPlay,3403,1406402,427727822,neutral
"2,925th",B+ ,قناة MFQ KVP HD,327,-- ,227803255,neutral
"2,926th",B+ ,FARRUKOVEVO,59,6058500,2871118128,neutral
"2,927th",B+ ,Taz Network,727,1966781,1077740952,neutral
"2,928th",B+ ,DesiFeed Video,48139,1711007,772424547,neutral
"2,929th",B+ ,Sỹ Kẹo,699,522431,112741497,neutral
"2,930th",B+ ,HYKO HanyiKobayashi,4,59912,14924517,neutral
"2,931st",B+ ,Gameplay Pvz2,1651,330808,171631308,neutral
"2,932nd",B+ ,ブライアンチャンネル,192,1585237,399828545,neutral
"2,933rd",B+ ,XpertThief,1603,4549074,1094651891,neutral
"2,934th",B+ ,MAJID HUSSAIN,49,212770,33330531,neutral
"2,935th",B+ ,America's Got Talent,1799,8322407,2056689077,neutral
"2,936th",B+ ,Мультики студии…,1059,2039358,2043682056,neutral
"2,937th",B+ ,Janta Films Pvt.Ltd.,130,191477,92447650,neutral
"2,938th",B+ ,PS.ENTERTIMENTS,1990,-- ,156664279,neutral
"2,939th",B+ ,TIN GIẢI TRÍ,2271,-- ,157915149,neutral
"2,940th",B+ ,Big Animation,306,899823,405697394,neutral
"2,941st",B+ ,#Desenhos Kids BR,207,242635,84041146,neutral
"2,942nd",B+ ,Gran Hermano,835,43554,23519342,neutral
"2,943rd",B+ ,Primitive Living,147,594250,188357564,neutral
"2,944th",B+ ,Movies and Travel,16,51071,26969579,neutral
"2,945th",B+ ,Jefferson Moraes,32,709516,171280378,neutral
"2,946th",B+ ,SportsHD,231,1447912,406464424,neutral
"2,947th",B+ ,e-aktivite,452,165419,58977303,neutral
"2,948th",B+ ,잠뜰 TV,1651,1532976,1067408901,neutral
"2,949th",B+ ,Ideas en 5 minutos NIÑOS,668,988733,117899911,neutral
"2,950th",B+ ,Saregama Bengali,2339,1285345,501342602,neutral
"2,951st",B+ ,Лига WatchCAR -…,105,300265,161423341,neutral
"2,952nd",B+ ,GerardoOrtizVEVO,91,2504451,1533049314,neutral
"2,953rd",B+ ,Nexxuz World,902,2786508,740500603,neutral
"2,954th",B+ ,三立LIVE新聞,62969,463879,617815248,neutral
"2,955th",B+ ,Free Kids Games,655,-- ,482663453,positive
"2,956th",B+ ,LaLiga Santander,30735,2835452,659284535,neutral
"2,957th",B+ ,MLB,267649,1434206,1329206392,neutral
"2,958th",B+ ,Primitive Wildlife,135,429361,96827542,neutral
"2,959th",B+ ,انور المحبوب anwar…,95,2379431,472598607,neutral
"2,960th",B+ ,Surprise Toys Baby - DTAC TOYS TV,3,739567,57853099,neutral
"2,961st",B+ ,News Tube,1920,-- ,70196251,neutral
"2,962nd",B+ ,RedConectate,123,538420,247461127,neutral
"2,963rd",B+ ,พระนครฟิลม์…,311,1114429,228312377,neutral
"2,964th",B+ ,SISI LAIN DUNIA,1067,811457,368826750,neutral
"2,965th",B+ ,Nickelodeon France,1603,461268,249364334,neutral
"2,966th",B+ ,KOMPASTV,67508,596530,468517987,neutral
"2,967th",B+ ,فان مسلسلات,71,-- ,110841114,neutral
"2,968th",B+ ,Banglavision DRAMA,906,467829,55404821,neutral
"2,969th",B+ ,عروض مواهب مترجمة,237,1350672,241777799,neutral
"2,970th",B+ ,Время и Стекло,76,2340222,1125462303,neutral
"2,971st",B+ ,MonDEV,923,2882303,605817991,neutral
"2,972nd",B+ ,Kadın,809,456523,257999396,neutral
"2,973rd",B+ ,DICHARA,23,48687,74014,neutral
"2,974th",B+ ,Health & Beauty Tips- Gharelu…,129,2305859,211241208,neutral
"2,975th",B+ ,Machine Gun Kelly,200,4062194,617193410,neutral
"2,976th",B+ ,Sunny Kumar Rana,68,1696973,452698164,neutral
"2,977th",B+ ,FunnyPig,752,412114,238560407,neutral
"2,978th",B+ ,BigDaddyHoffman1911,542,168297,57946357,neutral
"2,979th",B+ ,Marwa Loud,7,1396136,291164795,positive
"2,980th",B+ ,systemofadownVEVO,22,2951209,2061990370,neutral
"2,981st",B+ ,The Daya Daily,140,736388,352087768,neutral
"2,982nd",B+ ,Mister Bin Video Film Cartoons…,984,386904,116485462,neutral
"2,983rd",B+ ,ABCSongs,235,1322915,716549011,neutral
"2,984th",B+ ,rewinside,3357,2525853,1144101837,neutral
"2,985th",B+ ,Манкиту Сhannel,364,929669,516927832,neutral
"2,986th",B+ ,SHAM MEDIA شام ميديا,3292,-- ,332034634,negative
"2,987th",B+ ,EthanGamer,833,2248312,1313195210,neutral
"2,988th",B+ ,Garena RoV Thailand,748,1803752,330946680,neutral
"2,989th",B+ ,Movie Escenas,309,518070,215703795,neutral
"2,990th",B+ ,Stand Up Kompas TV,1665,839585,509843395,neutral
"2,991st",B+ ,Dino Pereira,324,795055,309969321,neutral
"2,992nd",B+ ,Thiago Gravações Apresenta,679,1338088,446191063,neutral
"2,993rd",B+ ,Front Videos,145,-- ,64705162,neutral
"2,994th",B+ ,BASS BOOSTED SONGS,274,1405209,251327239,negative
"2,995th",B+ ,Spor Delisi HD,93,415809,189918112,neutral
"2,996th",B+ ,Рыжий Ёжик ТВ,486,889638,740561742,neutral
"2,997th",B+ ,PlayHard,1192,4984059,562344733,neutral
"2,998th",B+ ,DaniRep Golf it y fortnite diario!,1843,2955245,625289467,neutral
"2,999th",B+ ,aiudesk,574,764461,962652674,neutral
"3,000th",B+ ,Maina Music,1029,1644947,494159147,neutral
"3,001st",B+ ,Step by Step ID,129,786179,85923477,neutral
"3,002nd",B+ ,joystick,501,668762,139062900,neutral
"3,003rd",B+ ,Safiya Nygaard,119,6035710,628697520,neutral
"3,004th",B+ ,Glis Video,42,447229,3662626,neutral
"3,005th",B+ ,Dj Alfonzin,4451,678005,582003124,neutral
"3,006th",B+ ,El Super Trucha,19,2890545,51304190,positive
"3,007th",B+ ,Mr. Nightmare,152,3766806,466757682,neutral
"3,008th",B+ ,Lyrics Sonics,311,388296,206224146,neutral
"3,009th",B+ ,BalBharti Kids,18,421029,111622396,neutral
"3,010th",B+ ,Thánh Nô TV,575,618107,201378522,neutral
"3,011th",B+ ,Aalok Kumar,662,76463,32136363,neutral
"3,012th",B+ ,Мисс Николь,205,775362,253556555,neutral
"3,013th",B+ ,sorriso de criança,743,716380,309166764,neutral
"3,014th",B+ ,Kanal D Dizi,4533,509945,559965240,neutral
"3,015th",B+ ,Guitar Record Official,72,853443,432664352,neutral
"3,016th",B+ ,Calle13VEVO,88,2335195,1281525208,neutral
"3,017th",B+ ,Eve My Tube,921,1262246,270580351,neutral
"3,018th",B+ ,LaurenzSide,1155,1892929,482374063,neutral
"3,019th",B+ ,National Dastak,9711,1795366,475930902,neutral
"3,020th",B+ ,SonsGames,1906,813073,672733411,neutral
"3,021st",B+ ,redimi2oficial,254,1850159,629437468,neutral
"3,022nd",B+ ,Adelina Grace,283,425612,204654919,neutral
"3,023rd",B+ ,TED-Ed,1484,7391895,1073032122,neutral
"3,024th",B+ ,Voot,872,555656,328299609,neutral
"3,025th",B+ ,El Mundo de Clodett,153,1372479,292067760,neutral
"3,026th",B+ ,Мульти-игрульти,398,57155,20381526,neutral
"3,027th",B+ ,Hindi ActionSongs,193,618420,271657269,neutral
"3,028th",B+ ,noahsarklabel,960,482416,403153475,neutral
"3,029th",B+ ,VilFun Show,141,585667,178958558,neutral
"3,030th",B+ ,[Dorothy]도로시,480,1204365,250549219,neutral
"3,031st",B+ ,CJ CAMBOTAR CHORD,2096,803859,397425308,neutral
"3,032nd",B+ ,MÌ HẢO HẢO - ACECOOK,55,11698,72242463,neutral
"3,033rd",B+ ,Katya Adushkina,326,3236916,395927293,neutral
"3,034th",B+ ,TVN,13765,1000264,513033283,neutral
"3,035th",B+ ,TheChildhoodLife Kids and Toys,974,2189444,1292605586,neutral
"3,036th",B+ ,QueenTubeTH,411,2078604,397070891,neutral
"3,037th",B+ ,Jessy Toys 911,943,1667793,823128169,neutral
"3,038th",B+ ,JustJordan33,372,1392452,381881623,neutral
"3,039th",B+ ,David Vlas,344,2054598,299060462,neutral
"3,040th",B+ ,KeiferMC - Todo Sobre Minecraft,1276,2848623,896674276,neutral
"3,041st",B+ ,Complex,1855,2792134,789671773,negative
"3,042nd",B+ ,Munnik Tv Türkçe,35,912284,222905707,neutral
"3,043rd",B+ ,EverXFun,6,283811,62843746,neutral
"3,044th",B+ ,Kosmos TV,58,71209,27756196,neutral
"3,045th",B+ ,suellASMR,241,1063071,252440621,neutral
"3,046th",B+ ,Videos Para Whatsapp!,167,63861,14372398,neutral
"3,047th",B+ ,Channeli Tv,3176,1193979,271464829,neutral
"3,048th",B+ ,Компот,491,1044246,250497347,neutral
"3,049th",B+ ,Howcast,22207,6825517,3424536442,neutral
"3,050th",B+ ,Le Bled'Art,1546,3464626,1149864426,neutral
"3,051st",B+ ,Khesari Music World,411,1299484,382269383,neutral
"3,052nd",B+ ,Fun of Fortnite,157,-- ,93608324,positive
"3,053rd",B+ ,Kafalar,251,4519018,698614847,neutral
"3,054th",B+ ,MV NEWS,1056,507029,125612247,neutral
"3,055th",B+ ,赤髪のとものゲーム実況チャンネル!!…,3426,1770672,1693580580,neutral
"3,056th",B+ ,The Studio Space,42,220561,98000140,neutral
"3,057th",B+ ,LIL UZI VERT,74,4546220,1168385609,neutral
"3,058th",B+ ,EBSDocumentary (EBS 다큐),21381,706822,716793911,neutral
"3,059th",B+ ,ExplosmEntertainment,451,8650915,2310881550,neutral
"3,060th",B+ ,Ttv Media Limited,387,77894,14444263,negative
"3,061st",B+ ,Bidünya Oyuncak - Dobişko Tv,1604,700274,452387041,neutral
"3,062nd",B+ ,Kids Channel - Cartoon Videos for…,2164,3543143,3335255531,neutral
"3,063rd",B+ ,"ТО ""Gazgolder""",1014,1929088,1158534683,neutral
"3,064th",B+ ,ทุบโต๊ะ…,4115,734940,329300585,neutral
"3,065th",B+ ,TimOn ChaveS,585,3971029,730736108,neutral
"3,066th",B+ ,VIVA Network,1808,1591436,884084751,neutral
"3,067th",B+ ,DAMI AN,185,3929446,1794157750,neutral
"3,068th",B+ ,Candy Land,920,919810,608631540,neutral
"3,069th",B+ ,GQ,2154,2552436,836994859,neutral
"3,070th",B+ ,Marcos e Belutti,129,2338081,1051039559,neutral
"3,071st",B+ ,iggyazaleamusicVEVO,52,5255070,2507680614,neutral
"3,072nd",B+ ,크림히어로즈,761,1592834,379686191,neutral
"3,073rd",  ,Boram Tube Toy Shcool [보람튜브…,--,726527,205555289,neutral
"3,074th",B+ ,LIUBCHENKO,43,822702,51989692,neutral
"3,075th",B+ ,Boom Slime,119,218329,53161626,neutral
"3,076th",B+ ,LoginfluenceKids,595,2704486,747295014,neutral
"3,077th",B+ ,SUSHI RAMEN【Riku】,397,3330942,649164506,neutral
"3,078th",B+ ,Thông điệp cuộc sống,6,181658,503631,neutral
"3,079th",B+ ,Pelita Utama,2786,561013,280766132,neutral
"3,080th",B+ ,APPLAUSE NEW YORK,335,137465,74992884,positive
"3,081st",B+ ,SCB Thailand,676,151818,370212210,neutral
"3,082nd",B+ ,Baby TV كتاكيت بيبي,65,905031,267655824,neutral
"3,083rd",B+ ,TiniVEVO,31,1351153,363864331,neutral
"3,084th",B+ ,z a m,4008,394414,388136925,neutral
"3,085th",B+ ,Disturbed,163,2035463,1138657345,neutral
"3,086th",B+ ,Did You Know ?,963,932757,341866028,neutral
"3,087th",B+ ,Madhuram Videos,1123,-- ,84672983,neutral
"3,088th",B+ ,プリッとChannel,936,384816,191700071,neutral
"3,089th",B+ ,Slick TwoThree,131,203229,53586600,negative
"3,090th",B+ ,Discovery Home & Health,639,455359,93054171,neutral
"3,091st",B+ ,Ellie Sparkles,728,1334463,864103581,neutral
"3,092nd",B+ ,Speed Stick - Latinoamérica,35,22527,139286431,neutral
"3,093rd",B+ ,Pelangi Records,317,744007,412537162,neutral
"3,094th",B+ ,PPCandy,284,319949,122900222,neutral
"3,095th",B+ ,KidCity,464,921200,654047364,neutral
"3,096th",B+ ,GoPro,1974,6174784,1834461538,neutral
"3,097th",B+ ,TPProductionz411,494,-- ,66187749,neutral
"3,098th",B+ ,1Kilo Oficial,94,4795224,887547430,neutral
"3,099th",B+ ,NOVO! Aprenda as Cores Crianças,38,242591,91494693,neutral
"3,100th",B+ ,Mana Amaravathi,2106,-- ,126899353,neutral
"3,101st",B+ ,Android Games,3034,-- ,177249927,neutral
"3,102nd",B+ ,CiccioGamer89,5164,2739025,1049435234,neutral
"3,103rd",B+ ,The Pals,1242,2872495,1061073942,neutral
"3,104th",B+ ,Duki,13,1578686,236138962,neutral
"3,105th",B+ ,TeamFourStar,287,3149561,950269718,neutral
"3,106th",B+ ,Мои игрушки,845,24248,30201408,neutral
"3,107th",B+ ,Andrews Toy Channel,226,1153517,585222718,neutral
"3,108th",B+ ,"Киножурнал ""Ералаш""…",975,571959,578670817,neutral
"3,109th",B+ ,Hari Sharma,14396,178297,107169694,neutral
"3,110th",B+ ,24h Tin tức,8733,-- ,138731242,neutral
"3,111th",B+ ,21 Savage,77,3950612,1135729554,neutral
"3,112th",B+ ,Momentos Divertidos,374,954280,248754238,neutral
"3,113th",B+ ,Verizon,470,145920,87916414,neutral
"3,114th",B+ ,HowToBasic,480,11953126,1916020973,neutral
"3,115th",B+ ,Bắp Bắp Channels,270,741701,307419475,neutral
"3,116th",B+ ,Rudimental,77,1219236,816944628,neutral
"3,117th",B+ ,LaliMusicaVEVO,51,578584,164485063,neutral
"3,118th",B+ ,dosogas,446,5804234,999290952,neutral
"3,119th",B+ ,Tube World,271,547272,201857426,neutral
"3,120th",B+ ,Colors Learn White fy,15,-- ,15896507,neutral
"3,121st",B+ ,Capital FM,2075,2644604,1220778204,neutral
"3,122nd",B+ ,Aayu and Pihu Show,46,450784,74188210,neutral
"3,123rd",B+ ,BLACKHAND,16,562099,117674479,neutral
"3,124th",B+ ,"monday.com, formerly dapulse",86,6461,61054124,neutral
"3,125th",B+ ,iVideos,2298,1243105,831367649,neutral
"3,126th",B+ ,Marah Tv,90,642071,224511038,neutral
"3,127th",B+ ,Octan l أوكتان,637,1694247,307078198,neutral
"3,128th",B+ ,Univision,37648,2270942,1453096184,neutral
"3,129th",B+ ,STREET FOOD,3172,992599,352710748,neutral
"3,130th",B+ ,Kids Play,14,157276,56270939,neutral
"3,131st",B+ ,AiirSource Military,5749,1090345,508138618,negative
"3,132nd",B+ ,XZD PLAY,446,644609,218892754,neutral
"3,133rd",B+ ,Lays Thailand,168,83928,155448357,neutral
"3,134th",B+ ,Hindi Hangama - Songs Scenes,4456,277085,137861011,neutral
"3,135th",B+ ,Reebok Latam,108,4367,40725618,neutral
"3,136th",B+ ,Corridor,162,5120127,769979030,neutral
"3,137th",B+ ,Classy Match,30,936087,133739199,positive
"3,138th",B+ ,Che Chef Play,1131,690705,390634845,neutral
"3,139th",B+ ,CloeCouture,302,5018873,605014610,neutral
"3,140th",B+ ,BangerChannel,626,2145663,1124597839,neutral
"3,141st",B+ ,O Boticário,887,1276979,442622201,neutral
"3,142nd",B+ ,men a,304,46094,26415296,neutral
"3,143rd",B+ ,Ibadat,60,-- ,84560283,neutral
"3,144th",B+ ,ON Sport,23969,2175776,402965464,neutral
"3,145th",B+ ,Super Fail,10,136538,49101795,negative
"3,146th",B+ ,Maya Kids World,66,407967,117932208,neutral
"3,147th",B+ ,Las Estrellas,10313,627901,350435747,neutral
"3,148th",B+ ,Music 2K,52,39183,18836853,neutral
"3,149th",B+ ,Double Bubble,189,170898,52577524,neutral
"3,150th",B+ ,Yode,735,735037,169033351,neutral
"3,151st",B+ ,ArthurVideoSong,1295,655701,698260959,neutral
"3,152nd",B+ ,Klever Kids,14,-- ,95015244,neutral
"3,153rd",B+ ,Bajaj Pulsar,169,207676,140830667,neutral
"3,154th",B+ ,Amr Maskoun | عمرو مسكون,243,1934408,397610290,neutral
"3,155th",B+ ,Cat Juguetes,58,1919487,606279997,neutral
"3,156th",B+ ,Edition Parisien Plus,200,837256,179536330,neutral
"3,157th",B+ ,TakagiKetraVEVO,5,408152,241034873,neutral
"3,158th",B+ ,ヴァンゆんチャンネル/…,638,600504,155721562,neutral
"3,159th",B+ ,TinyLessonTime,330,1447064,453923942,neutral
"3,160th",B+ ,إليكم,99,503568,177336711,neutral
"3,161st",B+ ,Ron Funches - Topic,21,453,13932203,neutral
"3,162nd",B+ ,skysoul سكاي سول l,250,860197,206358885,neutral
"3,163rd",B+ ,BuzzFeed Celeb,249,1708359,303694082,neutral
"3,164th",B+ ,Surprise Egg And Toy Collector,2263,1136319,735236721,neutral
"3,165th",B+ ,Rajasthani kapil dev,104,219996,20282486,neutral
"3,166th",B+ ,Phim Hài - Bình Minh Film,245,1812006,1000625920,neutral
"3,167th",B+ ,AB Studio Vibes,32,51859,14326203,neutral
"3,168th",B+ ,Tôm Đáng Yêu,48,-- ,21980084,neutral
"3,169th",B+ ,EL DEMENTE,240,1208307,109681442,neutral
"3,170th",B+ ,AyoandTeoVEVO,8,2136537,595220878,neutral
"3,171st",B+ ,Disney UK,1115,3523705,2786057241,neutral
"3,172nd",B+ ,Kids Dee TV,471,674277,247123476,neutral
"3,173rd",B+ ,Discovery Kids Brasil,504,954505,268980431,neutral
"3,174th",B+ ,*The Best In The World,148,405490,82138987,positive
"3,175th",B+ ,Dlan's Toys,767,539068,207243830,neutral
"3,176th",B+ ,Dancefit Live,59,1393369,191655214,positive
"3,177th",B+ ,UsherVEVO,86,3768654,2488238303,neutral
"3,178th",B+ ,adidas Running,32,72147,128582524,neutral
"3,179th",B+ ,Take It Easy,295,419944,251740970,positive
"3,180th",B+ ,AlexKidsTV Italiano,136,339526,130045623,neutral
"3,181st",B+ ,vendezvotrevoiture.fr,12,554,17603860,neutral
"3,182nd",B+ ,ascadamusik,147,1369528,824804395,neutral
"3,183rd",B+ ,ModernTalkingVEVO,51,714401,1016739338,neutral
"3,184th",B+ ,Léo Magalhães,120,1011632,354202158,neutral
"3,185th",B+ ,Hope Music Ethiopia,1244,610451,552001622,neutral
"3,186th",B+ ,Thời Sự Online,5238,554228,365126109,neutral
"3,187th",B+ ,Milena & Stesha Kids TV,18,-- ,86473769,neutral
"3,188th",B+ ,Pacheco,5,244169,97877587,neutral
"3,189th",B+ ,Mainan Anak LetsPlay,230,985668,378505951,neutral
"3,190th",B+ ,STR Noticias,737,1746081,583351466,neutral
"3,191st",B+ ,XMEN Việt Nam - Đàn Ông Đích…,50,8193,59378873,neutral
"3,192nd",B+ ,Mysterious Topic,163,-- ,201396286,neutral
"3,193rd",B+ ,Macan Allah,413,264353,43244168,neutral
"3,194th",B+ ,MorphinLegacy,1360,820965,1028350183,neutral
"3,195th",B+ ,AIS,1623,315280,415522346,neutral
"3,196th",B+ ,Ben and Holly’s Little Kingdom…,208,580638,340416039,negative
"3,197th",B+ ,Magic Box Toys Collector,424,1303595,394499131,positive
"3,198th",B+ ,HOA BAN FOOD,480,1739678,689581927,neutral
"3,199th",B+ ,YlovesMUSIC,618,366577,316065374,neutral
"3,200th",B+ ,Supernanny,787,1670212,923485881,neutral
"3,201st",B+ ,Disney XD,1631,1172003,672790229,neutral
"3,202nd",B+ ,Ritmo dos Fluxos By Detona Funk,673,1196337,140928373,neutral
"3,203rd",B+ ,Typical Gamer,2384,7507910,1837491454,negative
"3,204th",B+ ,GEMblog,324,964256,730058169,neutral
"3,205th",B+ ,MYKINGDOM,1186,520085,404434606,neutral
"3,206th",B+ ,ZackScottGames,8948,3266789,1911292211,neutral
"3,207th",B+ ,GugaTV,94,676236,120243077,neutral
"3,208th",B+ ,Soledad S,3192,337568,316792323,neutral
"3,209th",B+ ,KızVızVız,367,743897,578130658,neutral
"3,210th",B+ ,MUJRA MASTI,1052,1210976,766394934,neutral
"3,211th",B+ ,Indonesian Idol,3078,2178046,1185316401,neutral
"3,212th",B+ ,cobra123473,2355,2346305,952291050,neutral
"3,213th",B+ ,NcR's Scaling,851,41775,20455543,neutral
"3,214th",B+ ,Croton MEGA HIT…,966,823768,982439050,neutral
"3,215th",B+ ,SuperSofi,462,297114,126302393,neutral
"3,216th",B+ ,GaitherVEVO,2811,801479,869562917,neutral
"3,217th",B+ ,Various Artists - Topic,203934,26013,13049365,neutral
"3,218th",B+ ,Alex 366,619,114369,49397035,neutral
"3,219th",B+ ,ChildrenNurseryRhymes,64,2965943,607754526,neutral
"3,220th",B+ ,Sonali Films Purulia Bangla,400,565955,288290196,neutral
"3,221st",B+ ,Elli Di,305,3514617,790583238,neutral
"3,222nd",B+ ,Kanal 7,6637,908255,836404037,neutral
"3,223rd",B+ ,HolaSoyGerman.,137,34480357,3617584451,neutral
"3,224th",B+ ,RTGame,638,721132,73932765,neutral
"3,225th",B+ ,TOMIKKU NET,1220,1454818,725063011,neutral
"3,226th",B+ ,* KIDS Daisy Best,91,548637,121785380,positive
"3,227th",B+ ,Why Don't We,46,2111961,266478876,neutral
"3,228th",B+ ,iStealth,588,286603,159489239,neutral
"3,229th",B+ ,Chris Smoove,4983,4250606,2309711318,neutral
"3,230th",B+ ,Yellow Music,1473,1045955,340639736,neutral
"3,231st",B+ ,Bollywood Bai,4992,913401,288758164,neutral
"3,232nd",B+ ,Scoop,1300,1174791,597644390,neutral
"3,233rd",B+ ,MALFA,324,1237701,1174193735,neutral
"3,234th",B+ ,Panthera Partha,76,567599,130735563,neutral
"3,235th",B+ ,Cantando Aprendo a Hablar,268,1863878,1415231104,neutral
"3,236th",B+ ,Буба — мультфильм…,70,985622,591044137,neutral
"3,237th",B+ ,GermanLetsPlay,6696,2876017,1488910170,neutral
"3,238th",B+ ,ميديا مصرية,7219,-- ,523722521,neutral
"3,239th",B+ ,mr bundesteam,243,810856,295829656,neutral
"3,240th",B+ ,ImJayStation,366,2748910,425123326,neutral
"3,241st",B+ ,ТСН,117623,674935,596691293,neutral
"3,242nd",B+ ,The Real Daytime,5788,1395866,1586973464,positive
"3,243rd",B+ ,MGKVEVO,53,2535408,1000126905,neutral
"3,244th",B+ ,HollywoodLife,6977,2196875,1367225615,neutral
"3,245th",B+ ,maidigitv,25708,553656,1033050461,neutral
"3,246th",B+ ,ATHLEAN-X™,944,6105099,868911508,neutral
"3,247th",B+ ,ZoeVEVO,106,1556371,1502898899,neutral
"3,248th",  ,atheer sultan,--,-- ,79663674,neutral
"3,249th",B+ ,BOUNTY HUNTER D,174,1381717,125716518,neutral
"3,250th",B+ ,KUN,5061,597210,408776906,neutral
"3,251st",B+ ,Ülvi Mirzəzadə,474,276599,233926542,neutral
"3,252nd",B+ ,MyLifeAsEva,255,9057024,854792242,neutral
"3,253rd",B+ ,La Diversion de Martina,225,2678563,595543560,neutral
"3,254th",B+ ,News18 Hindi,29195,1245990,381510375,neutral
"3,255th",B+ ,JT Music,623,2382601,891069197,neutral
"3,256th",B+ ,Gabbie Hanna,279,6308028,823945057,neutral
"3,257th",B+ ,GAMES FACTORY,426,474005,239587803,neutral
"3,258th",B+ ,FlipFlax,12,42206,13581349,neutral
"3,259th",B+ ,壹週刊 NEXT,21362,323501,595089042,neutral
"3,260th",B+ ,Disco Polo Lajf,791,755365,913121197,neutral
"3,261st",B+ ,Melody Chan,196,-- ,17554290,neutral
"3,262nd",B+ ,Mều Channel,223,1265370,311395415,neutral
"3,263rd",B+ ,WatanNetwork TV,559,388186,230826845,neutral
"3,264th",B+ ,AlfredoOlivasVEVO,2,1189424,42873889,neutral
"3,265th",B+ ,ProSidu,1431,2785627,597695600,neutral
"3,266th",B+ ,Tom and Jerry Lovers,52,247946,70142318,neutral
"3,267th",B+ ,ข่าวช่อง 8,47002,914519,347281029,neutral
"3,268th",B+ ,Massi,2308,3086917,894959215,neutral
"3,269th",B+ ,CelineDionVEVO,161,2109968,1634473915,neutral
"3,270th",B+ ,Studio C,873,1971459,1502778452,neutral
"3,271st",B+ ,AllAroundAudrey,428,1196160,328785415,neutral
"3,272nd",B+ ,IL LATO POSITIVO,719,812865,145231179,neutral
"3,273rd",B+ ,GahMarin,1404,2311535,482443239,neutral
"3,274th",B+ ,blndsundoll4mj,2139,4457572,1394447606,neutral
"3,275th",B+ ,LA LA SCHOOL,192,1952236,473755617,neutral
"3,276th",B+ ,Boomerang Vietnam,1232,401065,270478511,neutral
"3,277th",B+ ,Zig Sharko Lover,81,-- ,174454734,neutral
"3,278th",B+ ,Killer Stories,112,-- ,199346945,neutral
"3,279th",B+ ,KejarTayang.TV,372,176124,52370739,neutral
"3,280th",B+ ,Shree Krishna International,26,849997,330099633,neutral
"3,281st",B+ ,ТОЙ ДУМАН,554,609485,370021933,neutral
"3,282nd",B+ ,Paternity Court,567,238236,44797220,neutral
"3,283rd",B+ ,Студия Квартал 95…,2811,1768437,960349346,neutral
"3,284th",B+ ,ゆうぴょん yupyon,2307,496648,369762636,neutral
"3,285th",B+ ,Shemaroo RK Films,714,1010555,538734272,neutral
"3,286th",B+ ,Bollywood Hardcore,10626,1495580,728883338,neutral
"3,287th",B+ ,NET,401,716807,334973328,neutral
"3,288th",B+ ,Movieclips Indie,8529,1175270,1572317790,neutral
"3,289th",B+ ,Boris Vasovski,381,73408,41023522,neutral
"3,290th",B+ ,Obito Zetsu,148,26061,17704374,neutral
"3,291st",B+ ,TED,2805,11058942,1155971469,neutral
"3,292nd",B+ ,Lucy Play & Learn,673,551704,275259036,neutral
"3,293rd",B+ ,The Next News Network,19154,713227,696260539,neutral
"3,294th",B+ ,Victoria México,91,109556,125205804,neutral
"3,295th",B+ ,まふまふちゃんねる,195,1176545,413116827,neutral
"3,296th",B+ ,fufew playtime,1198,386451,186174931,neutral
"3,297th",B+ ,Rapper Tery [Official],80,1742490,736327305,neutral
"3,298th",B+ ,GTV News,21443,375570,322129860,neutral
"3,299th",B+ ,ABS-CBN Starmusic,3041,2504837,1348099376,neutral
"3,300th",B+ ,The Viral Fever,191,4362887,383873451,neutral
"3,301st",B+ ,UNIVERSAL MUSIC JAPAN,5756,1937431,1763784218,neutral
"3,302nd",B+ ,Dạy Bé Học,1001,350366,211671888,neutral
"3,303rd",B+ ,Guntee Pitithan,69,540317,53303457,neutral
"3,304th",B+ ,Top Five,263,2876912,657521103,positive
"3,305th",B+ ,atiempopreescolar,195,1741821,1247069017,neutral
"3,306th",B+ ,PASIONSUR Internacional™,633,-- ,53755464,neutral
"3,307th",B+ ,Samsung Brasil,945,370351,434464525,neutral
"3,308th",B+ ,THE Next,130,-- ,88427531,neutral
"3,309th",B+ ,Funny colors,131,1075247,257518390,positive
"3,310th",B+ ,Lindsey Stirling,109,10986755,2342851789,neutral
"3,311th",B+ ,Cascabel TV,867,1545996,677711949,neutral
"3,312th",B+ ,Dramas Central,15173,1239714,493892911,neutral
"3,313th",B+ ,Hussain Al Jassmi | حسين…,323,2413047,1033472155,neutral
"3,314th",B+ ,Sayonara Boy,52,862111,310214445,neutral
"3,315th",B+ ,PowerfulJRE,2069,3359994,796485934,neutral
"3,316th",B+ ,Trà Xanh Không Độ,153,44114,145713856,neutral
"3,317th",B+ ,نجد الحقيل,121,-- ,132249636,neutral
"3,318th",B+ ,民視戲劇館,7340,546433,1053925525,neutral
"3,319th",B+ ,Mercado Livre,166,501266,705872922,neutral
"3,320th",B+ ,ABC Malayalam,4596,-- ,259845003,neutral
"3,321st",B+ ,No Jumper,1274,2154028,381204264,neutral
"3,322nd",B+ ,Disney Channel FR,3878,1502378,1255024131,neutral
"3,323rd",B+ ,Channel DMG,376,295520,60977735,neutral
"3,324th",B+ ,Mundo Bizarro /Jr,348,1338898,249314049,neutral
"3,325th",B+ ,Mr. Fast 2018,86,378291,167815707,positive
"3,326th",B+ ,Ladylike,178,2886936,470614540,neutral
"3,327th",B+ ,Cizzorz,807,2657220,296682204,neutral
"3,328th",B+ ,First We Feast,386,3901986,533413035,positive
"3,329th",B+ ,Bhojpuri Hit Songs,2799,1160335,442573099,neutral
"3,330th",B+ ,Za warudo,477,192189,222056520,neutral
"3,331st",B+ ,Kaband Art Production | قبنض…,1808,503844,496639333,neutral
"3,332nd",B+ ,AsfaltRecords,1162,814631,683563679,neutral
"3,333rd",B+ ,YOYO TV Channel,23461,792856,372399113,neutral
"3,334th",B+ ,SpyCakes,802,521984,184784325,neutral
"3,335th",B+ ,Fun Kids Room,94,-- ,20834600,positive
"3,336th",B+ ,Rudy Mancuso,81,5330078,760111470,neutral
"3,337th",B+ ,NikkieTutorials,678,10851352,909763868,neutral
"3,338th",B+ ,BROS SHOW,246,611389,248150713,neutral
"3,339th",B+ ,KidsTV123,203,2828730,3410169278,neutral
"3,340th",B+ ,CWE,1773,723023,250974604,neutral
"3,341st",B+ ,TinenQa,859,1815133,378031570,neutral
"3,342nd",B+ ,Gameplayrj,13104,6766972,2485984749,neutral
"3,343rd",B+ ,Familia Diamond,52,605278,67492999,neutral
"3,344th",B+ ,Gronkh,10800,4806059,2719532003,neutral
"3,345th",B+ ,Pocket Films - Indian Short Films,1268,1405303,556481114,neutral
"3,346th",B+ ,每天精彩小视频,140,118903,48102020,neutral
"3,347th",B+ ,LJ Studios - Fortnite,54,458652,67503694,neutral
"3,348th",B+ ,Naxeex Studio,124,12213,94663186,neutral
"3,349th",B+ ,SEVENTEEN,348,2983811,645372961,neutral
"3,350th",B+ ,Fozi Mozi Español,57,435466,121427999,neutral
"3,351st",B+ ,BrothersOfDestruction22,556,634688,335495577,neutral
"3,352nd",B+ ,#Mentale Zuflucht,354,780214,363411371,neutral
"3,353rd",B+ ,jesseyjoyoficial,176,4662246,2603654889,neutral
"3,354th",B+ ,Brincando Com a Tia Fla,975,2345259,690171168,neutral
"3,355th",B+ ,Zee Music Marathi,1297,1651594,736737632,neutral
"3,356th",B+ ,Man + River,39,1818516,119894597,neutral
"3,357th",B+ ,สํานักข่าวไทย…,42962,1082598,486016747,neutral
"3,358th",B+ ,Aşk Prodüksiyon Müzik Film…,464,895184,699349004,neutral
"3,359th",B+ ,El Movimiento TV,183,506226,118034495,neutral
"3,360th",B+ ,DisneyToysReview,2319,1227354,970664265,neutral
"3,361st",B+ ,Visit Dubai,1300,194673,594831283,neutral
"3,362nd",B+ ,감스트GAMST,4570,971690,508608760,neutral
"3,363rd",B+ ,Arabian Fairy Tales,83,1318741,443337040,neutral
"3,364th",B+ ,KanyeWestVEVO,64,3772994,2635101063,neutral
"3,365th",B+ ,Epitaph Records,2985,2088471,1488298740,neutral
"3,366th",B+ ,"SimpleKidsCrafts - Doll Crafts,…",1157,450721,133951556,neutral
"3,367th",B+ ,TheMovieKaKa,57,961780,247784003,neutral
"3,368th",B+ ,sok sabay,1500,-- ,125008724,neutral
"3,369th",B+ ,Tai Lopez,130,1247115,270526763,neutral
"3,370th",B+ ,PlayToyKids,153,321606,55508868,neutral
"3,371st",B+ ,阿神,3389,1643858,584467020,neutral
"3,372nd",B+ ,Romka TV,28,976753,192307866,neutral
"3,373rd",B+ ,Muhteşem Yüzyıl,1773,475474,729833997,neutral
"3,374th",B+ ,Health Time,1069,3706185,254322267,neutral
"3,375th",B+ ,TV Derana,12284,729883,683524877,neutral
"3,376th",B+ ,Fortnite Compilation,99,-- ,62434373,neutral
"3,377th",B+ ,coilbook™ | Learning For Children,123,1878510,1782024297,neutral
"3,378th",B+ ,Tanner Fox,973,8103549,1570114528,neutral
"3,379th",B+ ,mastkalandr,1703,844818,374729856,neutral
"3,380th",B+ ,Next9news…,25580,1195918,471086312,neutral
"3,381st",B+ ,Dorkly,605,2700119,1173411715,neutral
"3,382nd",B+ ,STAR TV,1445,1060641,667479362,neutral
"3,383rd",B+ ,Webs & Tiaras - Toy Monster…,30,551268,108815101,neutral
"3,384th",B+ ,Hotels.com,71,13592,83413815,neutral
"3,385th",B+ ,SOMOY TV,17074,874491,145677201,neutral
"3,386th",B+ ,فرفشة وترفيه,238,704905,183463937,neutral
"3,387th",B+ ,Drawings Angeli,186,851334,256571631,neutral
"3,388th",B+ ,WaveMusic,979,1592727,375941050,neutral
"3,389th",B+ ,Schannel,7573,1487061,760353509,neutral
"3,390th",B+ ,MaybellineMexico,58,15198,51520066,neutral
"3,391st",B+ ,THEWINNER TV,358,1154317,268059310,neutral
"3,392nd",B+ ,レトルト,1815,1194564,713836553,neutral
"3,393rd",B+ ,VisitAbuDhabi,217,21044,89429693,neutral
"3,394th",B+ ,El Salvador 4K,5414,615741,470325469,neutral
"3,395th",B+ ,Kids Channel India - Hindi Rhymes…,184,1376623,367879256,neutral
"3,396th",B+ ,إنسان,104,238980,75931902,neutral
"3,397th",B+ ,Ленинград | Leningrad,148,1932449,1158584676,neutral
"3,398th",B+ ,Pica Pau em Português,232,1855415,407232569,neutral
"3,399th",B+ ,Meek Mill,116,2545061,1365930618,neutral
"3,400th",B+ ,BUSHIDO,203,2182593,950239303,neutral
"3,401st",B+ ,Galinha Pintadinha Mini,76,1917418,523580297,neutral
"3,402nd",B+ ,iTownGamePlay *Terror&Diversión*,4986,10737742,3370838977,neutral
"3,403rd",B+ ,Bengali Songs - Angel Digital,2923,506478,328516952,neutral
"3,404th",B+ ,xuxaVEVO,199,1189449,1272038522,neutral
"3,405th",B+ ,FP do Trem Bala,1157,850144,154053116,neutral
"3,406th",B+ ,Shemaroo Kannada,6609,1045552,452314955,neutral
"3,407th",B+ ,monsterchannel24,935,1392043,784129026,neutral
"3,408th",B+ ,Quantum Games,1855,2730329,794030115,neutral
"3,409th",B+ ,캐리TV CarrieTV,1589,1867657,1965929253,neutral
"3,410th",B+ ,トムの実況チャンネル,794,435364,138601220,neutral
"3,411th",B+ ,А ну-ка Давай-ка,125,610380,200404688,neutral
"3,412th",B+ ,Spiel mit mir - Kinderspielzeug,6576,622797,858350173,neutral
"3,413th",B+ ,Pizza Hut India,71,11262,30836042,neutral
"3,414th",B+ ,VIP Records,731,1971366,427872075,neutral
"3,415th",B+ ,Kids Bebetos,62,-- ,13014575,neutral
"3,416th",B+ ,Fanta,647,773735,332848046,neutral
"3,417th",B+ ,EMIRecordsIndiaVEVO,12,366432,133748864,neutral
"3,418th",B+ ,Duck Kids,2,161934,32501821,neutral
"3,419th",B+ ,tvN,27826,990161,737275806,neutral
"3,420th",B+ ,Musica Studio's,927,1456486,1144220847,neutral
"3,421st",B+ ,Millard Ayo,11997,1301443,482456998,neutral
"3,422nd",B+ ,GEN HALILINTAR,315,3746054,767765478,neutral
"3,423rd",B+ ,nollygrio,1881,676173,469769927,neutral
"3,424th",B+ ,News18 India,29094,1884592,362890334,neutral
"3,425th",B+ ,Bearhug,126,1776280,206704119,neutral
"3,426th",B+ ,Jugando con Aby,301,1056912,285083835,neutral
"3,427th",B+ ,Nam Việt Music,883,1710738,1029434556,neutral
"3,428th",B+ ,TRT Televizyon,8693,1196834,1079025508,neutral
"3,429th",B+ ,티캐스트 tcast,6497,697163,755773902,neutral
"3,430th",B+ ,Babishko Family Fun TV,701,502702,315439631,positive
"3,431st",B+ ,Kidd Keo,62,1360552,284372989,neutral
"3,432nd",B+ ,LastWeekTonight,248,6400010,1681490990,neutral
"3,433rd",B+ ,PinkBlue,72,223943,50298237,neutral
"3,434th",B+ ,Primal Gameplay,1507,781933,520596091,neutral
"3,435th",B+ ,MarcoASolisVEVO,55,2063924,1573643116,neutral
"3,436th",B+ ,Kalan Müzik,10944,698963,926198024,neutral
"3,437th",B+ ,Plush Time Wins,684,1472100,561327121,positive
"3,438th",B+ ,igrovieavtomati,26,5614,15205851,neutral
"3,439th",B+ ,KinoCheck International,2006,1435507,1260606050,neutral
"3,440th",B+ ,Yaroslava & Playground,84,3693905,705990310,neutral
"3,441st",B+ ,Sky Kids Toys,4379,970112,644337879,neutral
"3,442nd",B+ ,Nightcore Lab,375,497507,135027409,neutral
"3,443rd",B+ ,Guinness World Records,1554,3709242,955155891,neutral
"3,444th",B+ ,꼬마버스 타요,760,603959,428290634,neutral
"3,445th",B+ ,TuneJar Music,12,409020,120744357,neutral
"3,446th",B+ ,MORGENSHTERN,55,2150761,144032187,neutral
"3,447th",B+ ,TheDonato,566,1463325,174608943,neutral
"3,448th",B+ ,Challenge Me - Hãy Thách Thức…,296,738236,152153531,neutral
"3,449th",B+ ,Wrestling reality HD,5,701902,10538245,neutral
"3,450th",B+ ,SurpriseFunTV,1989,2888076,2546617498,neutral
"3,451st",B+ ,sisters fun tube 2,144,-- ,112786947,positive
"3,452nd",B+ ,NirvanaVEVO,55,3125798,2135460479,neutral
"3,453rd",B+ ,3at3oot TV,443,56964,47390256,neutral
"3,454th",B+ ,AP Archive,422326,746325,548619569,neutral
"3,455th",B+ ,Anima,1468,2739829,641318350,neutral
"3,456th",B+ ,Bintang,75,-- ,95470606,neutral
"3,457th",B+ ,Study IQ education,5214,3512001,300484731,neutral
"3,458th",B+ ,HeyKids.es - Canciones Para Niños,62,1899438,538637939,neutral
"3,459th",B+ ,Chromebook,22,72533,111481567,neutral
"3,460th",B+ ,Cocho Late TV ツ,357,493075,181402549,negative
"3,461st",B+ ,HYPE,3602,815118,456781608,neutral
"3,462nd",B+ ,Rajshri Marathi,8238,1211422,659090033,neutral
"3,463rd",B+ ,Aquarius Musikindo,842,777615,818393872,neutral
"3,464th",B+ ,CAP TV,57,135320,70520862,neutral
"3,465th",B+ ,Hoy,6010,804245,414996715,neutral
"3,466th",B+ ,たっくーTVれいでぃお,261,457355,124718914,neutral
"3,467th",B+ ,DIEN QUAN Film,1278,908902,184464263,neutral
"3,468th",B+ ,Cristian Rocha,11,9106,12829482,neutral
"3,469th",B+ ,Booba - Cartoon for kids,89,1548756,1006598232,neutral
"3,470th",B+ ,PoxPox,254,301783,62072677,neutral
"3,471st",B+ ,قوي عقلك,276,889140,126904033,neutral
"3,472nd",B+ ,América Televisión - Series,4714,715285,519900553,neutral
"3,473rd",B+ ,Тимати,495,2170361,1181816721,neutral
"3,474th",B+ ,Venga La Alegría,15802,1707789,1138508082,neutral
"3,475th",B+ ,ПУШЕР,30,717060,88871782,neutral
"3,476th",B+ ,Kworld TV,152,1131477,167733588,neutral
"3,477th",B+ ,YOLO,57,5228302,238812063,neutral
"3,478th",B+ ,MM7Games,3258,3330462,1466232114,neutral
"3,479th",B+ ,ishnum munshi,121,98855,74671576,neutral
"3,480th",B+ ,Voz BLuna,392,981824,202978436,neutral
"3,481st",B+ ,Daniel Tigre en Español,242,1120883,473552531,neutral
"3,482nd",B+ ,PlataBush,66,2013472,393994650,neutral
"3,483rd",B+ ,The Voice Kids Indonesia GTV,769,1016661,497519807,neutral
"3,484th",B+ ,Mini Ladd,1186,5017909,1120408581,neutral
"3,485th",B+ ,Chase,459,24903,43163024,neutral
"3,486th",B+ ,Giọng Hát Việt / The Voice…,1050,897557,621321105,neutral
"3,487th",B+ ,Pinoy Kids Channel,250,470708,186252284,neutral
"3,488th",B+ ,Cocho Late TV Plus,251,132982,45491819,negative
"3,489th",B+ ,Mahindra Rise,258,22579,134772642,neutral
"3,490th",B+ ,Miniature Space,278,2658226,413073520,neutral
"3,491st",B+ ,Shivesh Mishra Official,105,171015,44999518,neutral
"3,492nd",B+ ,Trend Clip Thailand,722,405867,223410944,neutral
"3,493rd",B+ ,Top 10 Best Network,346,-- ,93056062,positive
"3,494th",B+ ,웃소 Wootso,284,567088,203781142,neutral
"3,495th",B+ ,Love & Hate Creation,9,170527,2389102,negative
"3,496th",B+ ,SRK MUSIC,2882,1631990,680220641,neutral
"3,497th",B+ ,Pk Mast,1242,1035173,554349603,neutral
"3,498th",B+ ,عمو صابر القناة…,235,612331,334880027,neutral
"3,499th",B+ ,밴쯔,1878,2825565,936741316,neutral
"3,500th",B+ ,Shilpa Tiwari,1178,354064,140833269,neutral
"3,501st",B+ ,mania japansong,1731,2122591,1109772014,neutral
"3,502nd",B+ ,Midas Music,343,1118839,351070091,neutral
"3,503rd",B+ ,LukeBryanVEVO,82,1667352,1227748536,neutral
"3,504th",B+ ,Toy Mix,68,-- ,16454323,neutral
"3,505th",B+ ,The 8-Bit Arcade,6616,522006,446978736,neutral
"3,506th",B+ ,WongKlomFc,985,757331,264601680,neutral
"3,507th",B+ ,TiestoVEVO,59,1037033,433571976,neutral
"3,508th",B+ ,KendjiGiracVEVO,17,1840750,1087932655,neutral
"3,509th",B+ ,KinoCheck,3202,1701648,1520026065,neutral
"3,510th",B+ ,Mitsubishi Motors Thailand,230,76560,238062562,neutral
"3,511th",B+ ,Thepoysha,331,-- ,113967936,neutral
"3,512th",B+ ,PJ Masks Brasil – Canal Oficial,263,1135733,510019605,neutral
"3,513th",B+ ,Mr Bean Cartoon World,503,1403007,668053460,neutral
"3,514th",B+ ,Dj Santosh sanjeet,69,43047,15636992,neutral
"3,515th",B+ ,Cambodia's Got Talent,224,221011,53646851,neutral
"3,516th",B+ ,Có thể bạn chưa biết,422,1045065,430774879,neutral
"3,517th",B+ ,Jianpeng Li,232,437,70635195,neutral
"3,518th",B+ ,Ayurved Tips in Hindi,439,3853994,316282353,neutral
"3,519th",B+ ,Entertainment Access,2532,1205574,921679569,neutral
"3,520th",B+ ,Kiddie Land Toys & Learning,709,-- ,751857938,neutral
"3,521st",B+ ,LP,87,1134402,632656141,neutral
"3,522nd",B+ ,Hoa Vinh Official,79,892176,197513308,neutral
"3,523rd",B+ ,VTubers,74,231820,113605217,neutral
"3,524th",B+ ,Talisa Tossell,111,1262767,271601194,neutral
"3,525th",B+ ,Grab Official,604,52103,445102680,neutral
"3,526th",B+ ,زواج مصلحة - Zawaj Maslaha…,114,175530,64241052,neutral
"3,527th",B+ ,YNW Melly,53,292793,68490028,neutral
"3,528th",B+ ,ViaNet Dehati,452,493601,205254489,neutral
"3,529th",B+ ,Thiệu Nhất Nguyên,166,705535,94222742,neutral
"3,530th",B+ ,Bananakids,270,1818234,904453638,neutral
"3,531st",B+ ,JINTARA CHANNEL OFFICIAL,233,587250,187791119,neutral
"3,532nd",B+ ,アブ -abu-,1407,1280303,936837034,neutral
"3,533rd",B+ ,HiMan,153,3762349,371929907,neutral
"3,534th",B+ ,Paulettee,401,2997125,225862879,neutral
"3,535th",B+ ,Matt Steffanina,255,8815222,1623620510,neutral
"3,536th",B+ ,Disney Junior FR,2479,1147350,979289674,neutral
"3,537th",B+ ,News Express,30462,1473719,478359015,neutral
"3,538th",B+ ,Wilderness Life,184,294700,70028535,neutral
"3,539th",B+ ,A 2 Z,85,-- ,15394298,neutral
"3,540th",B+ ,BongoBD,1350,1503345,470344852,neutral
"3,541st",B+ ,Nico Voutrinas,43,947836,107016235,neutral
"3,542nd",B+ ,Noticieros Televisa,23803,636838,387136024,neutral
"3,543rd",B+ ,MelodyAflam - ميلودي…,679,1404709,372076355,neutral
"3,544th",B+ ,Entertainment Tonight,23271,1369341,1411862764,neutral
"3,545th",B+ ,One Challenge,591,1074203,395804357,neutral
"3,546th",B+ ,깨비키즈 [KEBIKIDS],1621,500243,526033186,neutral
"3,547th",B+ ,KaraoKanta Original,3957,383851,416098003,positive
"3,548th",B+ ,WACKYBOYS 反骨男孩,427,887848,231376274,neutral
"3,549th",B+ ,CheAnD TV - Андрей…,1016,1489007,436673712,neutral
"3,550th",B+ ,Tom & Jerry Ranger,8,207821,55570817,neutral
"3,551st",B+ ,FilmIsNow Movie Trailers…,6857,988900,656688639,neutral
"3,552nd",B+ ,DEKSORKRAO…,61,603379,66208948,neutral
"3,553rd",B+ ,Funkylab,8,53344,32516577,neutral
"3,554th",B+ ,Blockbuster Movies,20,1747350,29879318,neutral
"3,555th",B+ ,REDMON Kids Songs & Nursery Rhymes,782,113481,56289825,neutral
"3,556th",B+ ,Arcangel,107,5341911,1174265759,neutral
"3,557th",B+ ,Best Trends,108,2067336,214092396,positive
"3,558th",B+ ,Ruhrpottwache,625,410188,212537454,neutral
"3,559th",B+ ,Matheus Yurley,178,6738228,392639614,neutral
"3,560th",B+ ,لا تحرمنا من رؤياك…,2309,2101133,573097268,neutral
"3,561st",B+ ,FlaGeorgiaLineVEVO,94,1594182,1110612925,neutral
"3,562nd",B+ ,JustKiddingNews,5499,1810829,1708691555,neutral
"3,563rd",B+ ,Cartoon Moments,2042,229717,308125434,neutral
"3,564th",B+ ,Play Doh House and Surprise Eggs,741,2028586,738093897,neutral
"3,565th",B+ ,腾讯视频TencentVideo,6918,968517,572585918,neutral
"3,566th",B+ ,Bass Music Movement,44,663854,116846605,negative
"3,567th",B+ ,Awesome Kids Toys,219,762588,166817706,positive
"3,568th",B+ ,Troll Punjabi,7,473528,17969589,neutral
"3,569th",B+ ,LowGrade,767,1544559,356367366,neutral
"3,570th",B+ ,겜브링 GGAM BRING,1057,491820,379720130,neutral
"3,571st",B+ ,Koo Koo TV - Hindi,160,1563934,375326480,neutral
"3,572nd",B+ ,Vidavoo,99,467624,138576465,neutral
"3,573rd",B+ ,SunflowerTV,513,229003,86530831,neutral
"3,574th",B+ ,People Are Awesome,71,780193,262059016,positive
"3,575th",B+ ,HeHaa TV,322,2596087,1029471065,neutral
"3,576th",B+ ,stampylonghead,3389,9049638,6797814265,neutral
"3,577th",B+ ,DroidCheat,3490,1748708,1215129303,neutral
"3,578th",B+ ,kmi lovepeace,755,21381,22917371,neutral
"3,579th",B+ ,Francis Valerio,402,118261,35593726,neutral
"3,580th",B+ ,GoodDayOfficial,456,1351096,335549979,neutral
"3,581st",B+ ,8 Passengers,898,1827356,662371924,neutral
"3,582nd",B+ ,VM93Game,7049,80951,32056979,neutral
"3,583rd",B+ ,ToyStation,254,615775,223177995,neutral
"3,584th",B+ ,YuTV,943,688317,578879536,neutral
"3,585th",B+ ,흔한남매,174,521054,119653177,neutral
"3,586th",B+ ,Dance Song,136,-- ,16889564,neutral
"3,587th",B+ ,TARANG MUSIC,2074,1108648,453059005,neutral
"3,588th",B+ ,Melodic Star,165,391925,259545054,neutral
"3,589th",B+ ,OLUMLU BAK,460,536075,90615070,neutral
"3,590th",B+ ,Arazhul,1545,1412072,855586907,neutral
"3,591st",B+ ,Top Tube,438,-- ,159853241,positive
"3,592nd",B+ ,Thơ Nguyễn,358,734138,346994029,neutral
"3,593rd",B+ ,Elta Record,1227,341070,242348999,neutral
"3,594th",B+ ,How It Should Have Ended,323,8222099,2095247380,neutral
"3,595th",B+ ,Video Bhandar विडीयो…,3152,161509,46891096,neutral
"3,596th",B+ ,Enrique Bunbury,73,703468,877470114,neutral
"3,597th",B+ ,News Air Service,8148,-- ,271579401,neutral
"3,598th",B+ ,Shishodia Cassettes,2138,575485,244682036,neutral
"3,599th",B+ ,Kruger Sightings,364,965704,760469017,neutral
"3,600th",B+ ,Blake Harmon,23,27041,12495366,neutral
"3,601st",B+ ,HISTORIAS,1643,2212458,944424978,neutral
"3,602nd",B+ ,Agustin51,887,1966012,266689051,neutral
"3,603rd",B+ ,Coby Persin,87,4861718,874279486,neutral
"3,604th",B+ ,L'atelier de Roxane,523,2045790,553295086,neutral
"3,605th",B+ ,Sarpmitra Akash Jadhav,288,994784,116838639,neutral
"3,606th",B+ ,Pinky and Panda Toys TV,101,469236,183876305,neutral
"3,607th",B+ ,Dan1s,297,1732269,772831684,neutral
"3,608th",B+ ,Kids Entertainment,46,-- ,124372405,neutral
"3,609th",B+ ,Slogoman,2595,4349549,1793781062,neutral
"3,610th",B+ ,FrenchMontanaVEVO,29,2454297,1448952009,neutral
"3,611th",B+ ,bharatzkitchen HINDI,109,2050678,194521509,neutral
"3,612th",B+ ,Channel 4,4519,791557,756445482,neutral
"3,613th",B+ ,TOSHKENT OVOZI,93,53728,17218717,neutral
"3,614th",B+ ,SmallroomOfficial,1175,1373468,1161766584,neutral
"3,615th",B+ ,Tony!,537,1055525,248454662,neutral
"3,616th",B+ ,Los Mejores Fails,282,526730,200387208,negative
"3,617th",B+ ,Nuclear Blast Records,4460,1860624,1883403600,neutral
"3,618th",B+ ,PrankBrosTV,459,1614629,475691884,neutral
"3,619th",B+ ,Ben Phillips,458,3914631,852221381,neutral
"3,620th",B+ ,New Hindi Dubbed 2018 Movies,23,1557947,21341226,positive
"3,621st",B+ ,Twitch Clips Central,548,188556,154631830,neutral
"3,622nd",B+ ,Рики,318,487541,337534207,neutral
"3,623rd",B+ ,Bass Booster Magic - Trap Nation,89,26421,12525590,positive
"3,624th",B+ ,ink,215,401930,369078587,neutral
"3,625th",B+ ,Anny e Eu,252,1195462,285109045,neutral
"3,626th",B+ ,Tomorrowland,1140,7151210,1130215439,neutral
"3,627th",B+ ,ArcadeGo.com,9234,3145105,2643817111,neutral
"3,628th",B+ ,STORROR,315,2394226,217332099,neutral
"3,629th",B+ ,การ์ตูน…,124,354484,82936603,neutral
"3,630th",B+ ,Saltgay,250,400918,255394371,neutral
"3,631st",B+ ,Colors Club for Kids - Español,20,340074,66774268,neutral
"3,632nd",B+ ,Juguetes Toys,1287,2022027,925825463,neutral
"3,633rd",B+ ,DEL Records TV,15,221201,72056668,neutral
"3,634th",B+ ,Eros Now South,2207,1061070,676892512,neutral
"3,635th",B+ ,Sebastian Williams,222,298662,103083101,neutral
"3,636th",B+ ,Ch3Thailand Music,514,2628950,1792125407,neutral
"3,637th",B+ ,Sony Music (Japan),2319,1326059,1560314775,neutral
"3,638th",B+ ,Saskia's Dansschool,244,4019742,1061464886,neutral
"3,639th",B+ ,Thailand's Got Talent,391,756464,280410291,neutral
"3,640th",B+ ,Sebastián Yatra,55,5711589,306782474,neutral
"3,641st",B+ ,ZM TOP,433,529377,205436832,positive
"3,642nd",B+ ,KMNGANG,43,1558360,638752709,neutral
"3,643rd",B+ ,Doctor Squish,279,2495879,507331684,neutral
"3,644th",B+ ,SML Channel,850,375865,172766954,neutral
"3,645th",B+ ,Мультики Про,63,-- ,74122839,neutral
"3,646th",B+ ,Grab Indonesia,106,26436,48218296,neutral
"3,647th",B+ ,꼰뉴,602,-- ,128058171,neutral
"3,648th",B+ ,Slipknot,162,3855259,1640483937,neutral
"3,649th",B+ ,Fanpage.it,15421,1031671,650050992,neutral
"3,650th",B+ ,Валеришка Sim,367,496555,208452373,neutral
"3,651st",B+ ,DJ Smile Music,129,681137,248203881,positive
"3,652nd",B+ ,Thế giới Bí ẩn,2177,-- ,109549066,neutral
"3,653rd",B+ ,Peppa Pig Español Latino - Canal…,275,3692822,590524907,neutral
"3,654th",B+ ,NineEntertain Official,21779,753839,485473773,neutral
"3,655th",B+ ,Gizzy Gazza,1934,1776050,570044589,neutral
"3,656th",B+ ,Zing MP3,1458,2101082,1315415846,neutral
"3,657th",B+ ,DOPE or NOPE,727,5800756,1271323070,neutral
"3,658th",B+ ,Sparkle Spice,835,2468060,1410742138,neutral
"3,659th",B+ ,Valentino Pr,13,808272,495598870,neutral
"3,660th",B+ ,CD Choice,1277,1475702,587712826,neutral
"3,661st",B+ ,MarkAngelComedy,187,2771003,577046952,neutral
"3,662nd",B+ ,Primer Impacto,8205,1004597,631553958,neutral
"3,663rd",B+ ,smokepurpp,44,482662,92035667,neutral
"3,664th",B+ ,乐视视频官方频道 Letv…,2799,581571,576615822,neutral
"3,665th",B+ ,MediaPro Music,1143,2613615,2024252615,neutral
"3,666th",B+ ,Mood Makers,106,418259,125047041,neutral
"3,667th",B+ ,FiftyShadesVEVO,15,769897,368018386,neutral
"3,668th",B+ ,OasisVEVO,69,1135790,789681010,neutral
"3,669th",B+ ,Glamour Magazine,1525,1376950,428385626,neutral
"3,670th",B+ ,Turtle Interactive,350,1181011,960261296,neutral
"3,671st",B+ ,LeBouseuh Gaming,399,1536889,205694799,neutral
"3,672nd",B+ ,Игровые сериалы,1986,918361,999854009,neutral
"3,673rd",B+ ,Full Meals,1528,730649,141757187,positive
"3,674th",B+ ,ShadowPriestok - Евгений…,2111,2994794,796455403,neutral
"3,675th",B+ ,Top Trending,557,4188011,1353110340,positive
"3,676th",B+ ,Mamá Tatuada,453,175903,27173751,neutral
"3,677th",B+ ,Colors Songs Learn colors & Shapes,27,78138,23406948,neutral
"3,678th",B+ ,Sa Sha 1080HD,559,438181,126228581,neutral
"3,679th",B+ ,Power Volleyball,540,305071,134485966,neutral
"3,680th",B+ ,Next Star,2053,1179835,902037520,neutral
"3,681st",B+ ,Frringo,95,1487026,168857409,neutral
"3,682nd",B+ ,FitDance Life,353,3786406,739363543,neutral
"3,683rd",B+ ,Hueva,674,4428230,763813675,neutral
"3,684th",B+ ,Midnight Cinema,559,963188,496148463,neutral
"3,685th",B+ ,Marques Brownlee,1043,6748995,1009519662,neutral
"3,686th",B+ ,Nhạc Chế Bùi Thành Công,840,-- ,177366085,neutral
"3,687th",B+ ,5 Alguma Coisa,343,5091862,1096660691,neutral
"3,688th",B+ ,Maul Ibra,421,637700,242144187,neutral
"3,689th",B+ ,Somos 5inco,1057,1386074,381825793,neutral
"3,690th",B+ ,SodaStereoVEVO,205,591391,701694656,neutral
"3,691st",B+ ,Corridos Jr Music,528,-- ,219900086,neutral
"3,692nd",B+ ,Lauv,43,864657,239982316,neutral
"3,693rd",B+ ,LaurDIY,547,8416339,956871585,neutral
"3,694th",B+ ,Auntie Joy's Toys,237,523304,149912566,positive
"3,695th",B+ ,週刊少年ジャンプ創刊50周年公式チャンネル…,108,146573,17003027,neutral
"3,696th",B+ ,TVSmeshariki,775,1965641,2817658098,neutral
"3,697th",B+ ,Linnéa,3,15170,12197882,neutral
"3,698th",B+ ,Телеканал СТБ,9289,1436703,958692795,neutral
"3,699th",B+ ,Fındık Ailesi,48,425592,147577595,neutral
"3,700th",B+ ,Hi Pencil Studio,936,565893,727177849,neutral
"3,701st",B+ ,HeinzABC,267,94969,90127169,neutral
"3,702nd",B+ ,Pulmotonia,183,24660,18865799,neutral
"3,703rd",B+ ,Peppa Pig Français - Chaîne…,347,722621,389283363,neutral
"3,704th",B+ ,ブライトサイド | Bright Side…,702,461053,168925080,positive
"3,705th",B+ ,Life with MaK,136,746208,57023726,neutral
"3,706th",B+ ,Panic! At The Disco,109,1993049,262451402,neutral
"3,707th",B+ ,シネマトゥデイ,10682,799107,1297606499,neutral
"3,708th",B+ ,Gagsnetwork Russia,490,199850,86569153,neutral
"3,709th",B+ ,Красныш,52,-- ,60771278,neutral
"3,710th",B+ ,Bulkin,3406,1866758,570744644,neutral
"3,711th",B+ ,Pagonejando,1252,231081,81462186,neutral
"3,712th",B+ ,Movie Mela,21,2096618,32319014,neutral
"3,713th",B+ ,Palavra Cantada Oficial,297,606482,535848820,neutral
"3,714th",B+ ,Khmer Songs Daily,19,-- ,24281072,neutral
"3,715th",B+ ,exposed,268,476506,102765824,neutral
"3,716th",B+ ,IN NEWS16,4341,763853,254167857,neutral
"3,717th",B+ ,Obscuro Notícias,749,380775,125223216,neutral
"3,718th",B+ ,BERTH OH!,270,4940722,454550846,neutral
"3,719th",B+ ,RKellyVEVO,146,1707223,1504489689,neutral
"3,720th",B+ ,PHIM CẤP 3,233,2918844,674483531,neutral
"3,721st",B+ ,TheWarpath,1715,3140739,684806728,neutral
"3,722nd",B+ ,TotoVEVO,43,341333,551762381,neutral
"3,723rd",B+ ,GunVsGun,285,4246526,1553958541,neutral
"3,724th",B+ ,YassPlays,1040,1970131,388533660,neutral
"3,725th",B+ ,레이디버그TV,141,530790,243746823,neutral
"3,726th",B+ ,Craftingeek*,620,7923859,832743763,neutral
"3,727th",B+ ,Only Human,656,818812,306248350,neutral
"3,728th",B+ ,King SoYer,209,409159,52608716,neutral
"3,729th",B+ ,GAKKU TV,1356,1280955,802521543,neutral
"3,730th",B+ ,upsocl.com,4146,395405,77709914,neutral
"3,731st",B+ ,Musica de Arranque (Suscribete),17147,799114,549070939,neutral
"3,732nd",B+ ,Теперь я Знаю,190,1539153,258441486,neutral
"3,733rd",B+ ,Ssoftoons Animation,122,618269,153329786,neutral
"3,734th",B+ ,Остроумно,5097,749064,280393985,neutral
"3,735th",B+ ,Lalitha Audios And Videos,831,618257,204810673,neutral
"3,736th",B+ ,SEPL Vintage,7240,-- ,153997369,neutral
"3,737th",B+ ,أسميتها فريحة -…,140,151351,53617945,neutral
"3,738th",B+ ,Love Entertainment,111,-- ,192426214,positive
"3,739th",B+ ,To Dần 365,282,234684,206940474,neutral
"3,740th",B+ ,Atitude67VEVO,42,481200,169159365,neutral
"3,741st",B+ ,westlifeVEVO,273,995868,971514836,neutral
"3,742nd",B+ ,Tuenti Argentina,91,4375,29267831,neutral
"3,743rd",B+ ,中国浙江卫视官方频道…,9365,803458,573566430,neutral
"3,744th",B+ ,Video Town,85,173423,23154781,neutral
"3,745th",B+ ,Україна має талант,1292,935665,665594523,neutral
"3,746th",B+ ,Gummy Bears,360,764847,189807616,neutral
"3,747th",B+ ,Ortaya Karışık,416,245275,150724093,neutral
"3,748th",B+ ,Alex123,10,27481,19668412,neutral
"3,749th",B+ ,Le Grand Conseil,1188,294018,313807716,positive
"3,750th",B+ ,Thiaguinho,199,1093724,346752032,neutral
"3,751st",B+ ,TWICE JAPAN OFFICIAL YouTube…,23,1453142,344924291,neutral
"3,752nd",B+ ,SaneuB,36,798111,120264850,neutral
"3,753rd",B+ ,MBC1,3165,1273526,600671254,neutral
"3,754th",B+ ,ReGen TV,67,-- ,12715108,neutral
"3,755th",B+ ,Кинокомпания…,869,744111,562268980,neutral
"3,756th",B+ ,Popular Diginet Movies,26,1082177,104930643,positive
"3,757th",B+ ,patty dragona,1038,4773715,533688490,neutral
"3,758th",B+ ,Lithuania HQ,777,933673,413321087,neutral
"3,759th",B+ ,Рома и Хелпик,42,192558,79743137,neutral
"3,760th",B+ ,Michou,384,1225284,175682760,neutral
"3,761st",B+ ,スロパチステーション,1186,723745,588390299,neutral
"3,762nd",B+ ,RadaanMedia,9380,1060479,937050101,neutral
"3,763rd",B+ ,Viki Pelga,33,1243310,151797753,neutral
"3,764th",B+ ,Tiger Productions,381,2604920,1095017839,neutral
"3,765th",B+ ,Garena Liên Quân Mobile,1776,2211977,336863679,neutral
"3,766th",B+ ,Gabby16bit,1597,1033192,513673789,neutral
"3,767th",B+ ,aliciakeysVEVO,146,2550347,1632966069,neutral
"3,768th",B+ ,Karaoke Nhạc Sống Thanh Ngân,413,-- ,82462232,neutral
"3,769th",B+ ,KRK Studio,1199,-- ,514557040,neutral
"3,770th",B+ ,Step Records,2111,2687091,2417401640,neutral
"3,771st",B+ ,Superjocke92,156,13257,13156767,neutral
"3,772nd",B+ ,7 Minutoz,326,4830997,795157390,neutral
"3,773rd",B+ ,Kurt Hugo Schneider,451,10626995,2729259139,neutral
"3,774th",B+ ,CPEurope,235,23490,88463849,neutral
"3,775th",B+ ,Dyler | دايلر,181,4558586,563264782,neutral
"3,776th",B+ ,Dj Nonstop Remix,79,243010,83760431,neutral
"3,777th",B+ ,Dasha Koshkina,141,1017472,275032486,neutral
"3,778th",B+ ,Caillou,958,1247758,760563575,neutral
"3,779th",B+ ,UDiEX2,164,2081622,182495868,neutral
"3,780th",B+ ,Ahmet Aga,1678,1373658,603185826,neutral
"3,781st",B+ ,Kali Uchis - Topic,46,6076,13207637,neutral
"3,782nd",B+ ,Gowardhan,26,46474,13632164,neutral
"3,783rd",B+ ,Vivo India,188,575049,316864988,neutral
"3,784th",B+ ,FULL ENTERTAINMENT FOR YOU,109,1494858,387192288,positive
"3,785th",B+ ,Shemaroo Punjabi,2186,1296644,608891108,neutral
"3,786th",B+ ,Fernandinho Ministerio Faz Chover,245,1418840,392970629,neutral
"3,787th",B+ ,Protect Animal,72,-- ,32364931,neutral
"3,788th",B+ ,ChrisStapletonVEVO,43,594124,474427697,neutral
"3,789th",B+ ,PretoNoBrancoVEVO,27,1971486,579289079,neutral
"3,790th",B+ ,ElBebetoVEVO,27,854694,629397446,neutral
"3,791st",B+ ,Dehati Cinema,95,446420,134409063,neutral
"3,792nd",B+ ,MelimVEVO,16,473198,57140979,neutral
"3,793rd",B+ ,Лучшие Моменты из…,303,41302,22472398,neutral
"3,794th",B+ ,MEGA GS ENTERTAINMENT,600,130274,59553499,neutral
"3,795th",B+ ,RokoMari tv,50,413251,121314415,neutral
"3,796th",B+ ,THAIRAP FC'LYRICS,770,1642881,488545645,neutral
"3,797th",B+ ,La La,52,-- ,38471725,neutral
"3,798th",B+ ,Brain Boosters,432,1342392,104679054,neutral
"3,799th",B+ ,Groovy el Marciano - Español,174,328311,83413817,neutral
"3,800th",B+ ,きょんくま,550,357527,134820284,neutral
"3,801st",B+ ,カリスマブラザーズ,1133,1200999,543751319,neutral
"3,802nd",B+ ,TSM Ninja,246,-- ,36722215,neutral
"3,803rd",B+ ,Domics,163,6015409,755171870,neutral
"3,804th",B+ ,AFIP Administración Federal de…,119,11707,88737352,neutral
"3,805th",B+ ,Indonesia Lawyers Club tvOne,969,508445,154180128,neutral
"3,806th",B+ ,Casa Magica de Juguetes,428,2470664,1052923658,neutral
"3,807th",B+ ,Toys AndFun Sisters,107,1352160,330823591,neutral
"3,808th",B+ ,Marvel Entertainment,5048,8164363,2141085807,neutral
"3,809th",B+ ,Deklaaon Channel,757,1266771,398123432,neutral
"3,810th",B+ ,Al Jazeera Arabic قناة…,102248,2576870,1040959771,neutral
"3,811th",B+ ,Link Up TV | Music,9413,1263252,1277316547,neutral
"3,812th",B+ ,Luca and Katy,775,1267626,434054176,neutral
"3,813th",B+ ,愛爾達體育家族 ELTA Sports,12317,247894,108877614,neutral
"3,814th",B+ ,JasonAldeanVEVO,108,1056829,693699923,neutral
"3,815th",B+ ,Quynh Aka,123,588476,116538639,neutral
"3,816th",B+ ,LAC TV,55,941800,265033157,neutral
"3,817th",B+ ,Zee Studios,165,368819,180365559,neutral
"3,818th",B+ ,Annapurna Studios,1631,721701,372803451,neutral
"3,819th",B+ ,Michael Pangilinan (Official),48,365843,76940144,neutral
"3,820th",B+ ,Danny Gonzalez,154,1262401,79465685,neutral
"3,821st",B+ ,zoom,63152,2165833,1810463915,neutral
"3,822nd",B+ ,Rose Telugu Movies,42551,726952,503569347,positive
"3,823rd",B+ ,PLAYYANI 플레이애니,901,395233,354194627,neutral
"3,824th",B+ ,fosterthepeopleVEVO,68,1558249,802740039,neutral
"3,825th",B+ ,Lion TV Kannada,323,332143,45853422,neutral
"3,826th",B+ ,ExpCaseros,614,9428159,1746689248,neutral
"3,827th",B+ ,Berlin - Tag & Nacht,200,449013,153870481,neutral
"3,828th",B+ ,ModernWhiz.com,338,1641424,518413348,neutral
"3,829th",B+ ,YouVik,115,522994,150599788,neutral
"3,830th",B+ ,RN ENTERTAIN,636,240168,109337326,neutral
"3,831st",B+ ,SORPRENDENTE,143,312952,34714637,neutral
"3,832nd",B+ ,Bart Baker,324,10163649,3163982431,neutral
"3,833rd",B+ ,S.S. COATAN,1432,-- ,149207982,neutral
"3,834th",B+ ,Doğan Music Company,12463,455867,691194578,neutral
"3,835th",B+ ,EpicStun,642,702353,412559398,neutral
"3,836th",B+ ,FUCHTube,2347,791657,319899404,neutral
"3,837th",B+ ,Wild Animals Attack,103,642414,144342115,positive
"3,838th",B+ ,Saawariya,2138,487006,147191378,neutral
"3,839th",B+ ,Khám Phá Bí Ẩn,2637,473878,264098913,neutral
"3,840th",B+ ,Acne Treatment Vlogs,243,-- ,259845196,neutral
"3,841st",B+ ,양수빈,98,1082166,153961461,neutral
"3,842nd",B+ ,Cartoon Club,36,1113790,202264215,neutral
"3,843rd",B+ ,Ganga Bhakti,160,1279681,81606924,neutral
"3,844th",B+ ,Jovem Pan News,25391,695605,193785582,neutral
"3,845th",B+ ,Haqeeqat TV,236,353568,40191064,neutral
"3,846th",B+ ,Tano Upload,1002,519307,233217727,neutral
"3,847th",B+ ,Canal Top10,223,6350874,674266532,neutral
"3,848th",B+ ,CHHOTU KI MASTI,19,419005,66263041,neutral
"3,849th",B+ ,Playground for kids,107,3474642,640743870,neutral
"3,850th",B+ ,BDV Football,343,685205,106313310,neutral
"3,851st",B+ ,Han Kanal,2177,1119645,706229128,neutral
"3,852nd",B+ ,Education for Kids,4,-- ,13029442,neutral
"3,853rd",B+ ,Furious Trailer,1277,1259493,581670027,neutral
"3,854th",B+ ,ANP Egypt,2325,780056,716354881,neutral
"3,855th",B+ ,Bessan Ismail - بيسان…,59,1471462,89357497,neutral
"3,856th",B+ ,R J News,5804,-- ,90125055,neutral
"3,857th",B+ ,Antoniano di Bologna official,933,682054,719354191,neutral
"3,858th",B+ ,Nickelodeon Россия,371,1091673,273914286,neutral
"3,859th",B+ ,Ulka,48,169756,43261633,neutral
"3,860th",B+ ,Bon Appétit,824,2239159,327745898,neutral
"3,861st",B+ ,PDND Müzik,123,476020,619117819,neutral
"3,862nd",B+ ,Nam Việt Trữ Tình,1885,729007,381763315,neutral
"3,863rd",B+ ,Interesting Facts,138,987801,360991739,positive
"3,864th",B+ ,TheRempongsHD,224,391773,89295064,neutral
"3,865th",B+ ,Kumho Tire USA,72,6198,104743480,neutral
"3,866th",B+ ,Hiru TV,8130,290903,142423505,neutral
"3,867th",B+ ,OfficialCKanVEVO,171,4101837,1642407870,neutral
"3,868th",B+ ,Bram Dermawan,394,740155,109448747,neutral
"3,869th",B+ ,Stephen Yeager,44,751042,89108274,neutral
"3,870th",B+ ,Bolly Movies Maza,156,855704,182844838,neutral
"3,871st",B+ ,Hữu Bộ Vlogs,242,373115,74373943,neutral
"3,872nd",B+ ,kobasolo,374,1469235,560666573,neutral
"3,873rd",B+ ,LALA México,86,49470,308014028,neutral
"3,874th",B+ ,Vogue,2034,3391100,741263478,neutral
"3,875th",B+ ,KiA Phạm,876,619198,417467328,neutral
"3,876th",B+ ,SPNSportsIndia,413,697047,138302888,neutral
"3,877th",B+ ,gameranx,1557,4450491,1188393617,neutral
"3,878th",B+ ,Pyrocynical,523,2574879,644171986,neutral
"3,879th",B+ ,Zero Media,1824,1177476,1514270332,neutral
"3,880th",B+ ,Khắc Trường Channel,212,-- ,37748580,neutral
"3,881st",B+ ,EnewsOdia,1140,-- ,152128421,neutral
"3,882nd",B+ ,Evening Cinema,337,1437578,465557948,neutral
"3,883rd",B+ ,MOVIC channel,105,63134,16749280,neutral
"3,884th",B+ ,きまぐれクック,265,991974,260829865,neutral
"3,885th",B+ ,Zola TikTok,740,51006,18436348,neutral
"3,886th",B+ ,johnsonsbaby,30,114328,77432866,neutral
"3,887th",B+ ,TomoNews Thailand,4269,1210062,1076745217,neutral
"3,888th",B+ ,Jhankar Touch,289,175631,42401085,neutral
"3,889th",B+ ,Kindly Keyin,784,742898,247625877,positive
"3,890th",B+ ,DDN FILMS,2,-- ,11095911,neutral
"3,891st",B+ ,Hejka tu Lenka,429,491475,305010824,neutral
"3,892nd",B+ ,Tofuu,2110,1980673,476661060,neutral
"3,893rd",B+ ,Play4Games,2362,689312,372388492,neutral
"3,894th",B+ ,Elli Di Pets,463,2716281,588852722,neutral
"3,895th",B+ ,kids superhero fun,64,-- ,116021453,positive
"3,896th",B+ ,Ezequiel Caffaro/ATV - Los Simpson…,397,463153,389731590,neutral
"3,897th",B+ ,RichTheKidVEVO,17,491316,380326582,neutral
"3,898th",B+ ,Sports Tak,5587,849947,128828052,neutral
"3,899th",B+ ,ZaraLarssonMusicVEVO,39,3910570,1684471858,neutral
"3,900th",B+ ,MeLon Dude,49,221097,30558562,neutral
"3,901st",B+ ,Tempo de Saber!,230,734833,177745786,neutral
"3,902nd",B+ ,Hello Katy,9,863108,70167437,neutral
"3,903rd",B+ ,Dược Phẩm Nhất Nhất,422,64107,184246387,neutral
"3,904th",B+ ,Mumbo Jumbo,1710,2535169,685561379,neutral
"3,905th",B+ ,MarcusMartinusVEVO,33,1671222,669261590,neutral
"3,906th",B+ ,georgemichaelVEVO,108,887861,901920399,neutral
"3,907th",B+ ,VN Baby's Music,64,208686,79401543,neutral
"3,908th",B+ ,The Norris Nuts,98,800127,106156192,neutral
"3,909th",B+ ,Learn Colors For Kids,276,473630,114004244,neutral
"3,910th",B+ ,Afife Semra DURMUŞ,2,95751,18810751,neutral
"3,911th",B+ ,Aadishakti Films,2795,1213783,373364659,neutral
"3,912th",B+ ,Nautanki Tamasha,443,1032721,246189757,neutral
"3,913th",B+ ,Goldmines Housefull,20,2581431,26786657,neutral
"3,914th",B+ ,Ümidi,2979,1429599,496632815,neutral
"3,915th",B+ ,I AM DANIEL T/M LLC,44,885787,52968840,neutral
"3,916th",B+ ,Tintas Coral,199,29728,60687899,neutral
"3,917th",B+ ,RCTI - ENTERTAINMENT,7850,1020720,707862862,neutral
"3,918th",B+ ,Planeta Deportiva,213,557534,19780729,neutral
"3,919th",B+ ,rfmckinleyport gameplays,1273,449134,482703037,neutral
"3,920th",B+ ,Ryan Upchurch,149,1080879,420067588,neutral
"3,921st",B+ ,Fun Baby Show,69,1035344,118511383,positive
"3,922nd",B+ ,Franco Escamilla,763,3335478,674668636,neutral
"3,923rd",B+ ,Thế Giới Xanh,798,-- ,134639506,neutral
"3,924th",B+ ,Sunrise Phim,392,408053,171643019,neutral
"3,925th",B+ ,Tauz,159,7370710,1590992168,neutral
"3,926th",B+ ,The Voice of Nepal,40,277982,13930285,neutral
"3,927th",B+ ,Mhd Officiel,21,2532858,778190656,neutral
"3,928th",B+ ,Bao Ngoc Kids Tv,84,-- ,89642014,neutral
"3,929th",B+ ,LMFAOVEVO,30,6340164,3301774672,neutral
"3,930th",B+ ,Trong Phim Quái Vật,290,-- ,319594659,neutral
"3,931st",B+ ,mustafa star l مصطفى ستار,118,2384577,396902589,neutral
"3,932nd",B+ ,ฮักเด้อ…,96,721465,287695764,neutral
"3,933rd",B+ ,Sony Dj Music India,234,627080,147816415,neutral
"3,934th",B+ ,Groovy The Martian,405,891689,304922144,neutral
"3,935th",B+ ,Cà Chua Đỏ,323,1007491,286889302,neutral
"3,936th",B+ ,Neagle,1356,5156749,709509983,neutral
"3,937th",B+ ,Raúl XC,369,628029,396148265,neutral
"3,938th",B+ ,Selected.,867,1793493,932902294,neutral
"3,939th",B+ ,CHIHUAHUA BAILANDO EN LA PLAZA DE…,781,225521,114162367,neutral
"3,940th",B+ ,Hollyscoop,6126,1059325,698761414,neutral
"3,941st",B+ ,Jess No Limit,300,3391242,321741792,neutral
"3,942nd",B+ ,Crazy 4 Tv,1824,466422,145248223,negative
"3,943rd",B+ ,LaBerisoVEVO,193,847080,844715534,neutral
"3,944th",B+ ,JustR3mo,172,590064,192570398,neutral
"3,945th",B+ ,Khmer Fairy Tales,72,683146,282458704,neutral
"3,946th",B+ ,Pony Kids,281,666561,142185243,neutral
"3,947th",B+ ,Las 2 Muñecas,655,1061638,516725129,neutral
"3,948th",B+ ,RimKVEVO,24,533117,247418755,neutral
"3,949th",B+ ,FARQ,3303,865613,414449323,neutral
"3,950th",B+ ,Callux,214,2653560,347737582,neutral
"3,951st",B+ ,ReallyCleverAndroids,47,18221,15586286,neutral
"3,952nd",B+ ,DIEN QUAN Kids,1896,1146847,1032425167,neutral
"3,953rd",B+ ,YellowBrickCinema - Relaxing Music,2165,2698120,1003113187,neutral
"3,954th",B+ ,Petco,747,71973,80197307,neutral
"3,955th",B+ ,WithZack,1091,2777201,607546446,neutral
"3,956th",B+ ,Baby Alive Brasil,303,1814313,241976092,positive
"3,957th",B+ ,Школа Монстров,135,542374,167824100,neutral
"3,958th",B+ ,브라보키즈_BRAVO KIDS,1239,827349,1046013275,neutral
"3,959th",B+ ,Dwayne N Jazz,2810,1563924,621868942,neutral
"3,960th",B+ ,BHARAT LOK DARSHAN,324,184761,47829027,neutral
"3,961st",B+ ,Shady,114,3633048,940380417,negative
"3,962nd",B+ ,RUSSIAN DEEP,147,320219,145059925,neutral
"3,963rd",B+ ,Indonesia Morning Show NET,12971,169863,80693152,neutral
"3,964th",B+ ,Sérgio de oliveira,4974,-- ,59119532,neutral
"3,965th",B+ ,MovieTalkies,692,1140906,488392407,neutral
"3,966th",B+ ,Mehrban Ali,404,991205,133130285,neutral
"3,967th",B+ ,Craftronix,196,2159259,660470630,neutral
"3,968th",B+ ,NOS Jeugdjournaal,1977,257364,278428354,neutral
"3,969th",B+ ,EdisonPts,2097,3159258,838431729,neutral
"3,970th",B+ ,tessymendes,1184,151792,99308281,neutral
"3,971st",B+ ,Smosh Games,2505,7311568,2817187022,neutral
"3,972nd",B+ ,しょうじ,640,503051,115912927,neutral
"3,973rd",B+ ,Lethal Soul,13,226909,11530232,neutral
"3,974th",B+ ,Gummy for Kids,184,1260464,62288418,neutral
"3,975th",B+ ,GenteDeZonaVEVO,24,1688803,1772260029,neutral
"3,976th",B+ ,เอกศิลป์…,410,1262971,410500384,neutral
"3,977th",B+ ,Tati,1423,4542504,934534108,neutral
"3,978th",B+ ,Seriously Just For Fun,17,1588131,697000301,negative
"3,979th",B+ ,Make Joke Of,24,4106873,426106355,neutral
"3,980th",B+ ,Khoảnh khắc kỳ diệu -…,737,689436,375195420,neutral
"3,981st",B+ ,SpinGo,72,395727,94754013,neutral
"3,982nd",B+ ,Yousef Abdulbaset,301,218959,157210268,neutral
"3,983rd",B+ ,Binging with Babish,146,3147549,366327711,neutral
"3,984th",B+ ,Peque Música,236,593037,256113829,neutral
"3,985th",B+ ,EeOneGuy,315,13347598,3141740625,neutral
"3,986th",B+ ,Disar5,155,666435,375651471,neutral
"3,987th",B+ ,Shruti Arjun Anand,715,2018551,319814049,neutral
"3,988th",B+ ,RDC Banglar Geeti,8347,1011926,388291198,neutral
"3,989th",B+ ,KidsCrazyNurseryRhymes,185,-- ,116805972,neutral
"3,990th",B+ ,Chuyện Lạ Kỳ Thú,245,450873,123229125,neutral
"3,991st",B+ ,Periodico VIRAL,1558,248931,83606318,neutral
"3,992nd",B+ ,VIETLIVE.TV,5990,375745,232583082,neutral
"3,993rd",B+ ,New Bollywood TV,74,469791,107831254,positive
"3,994th",B+ ,Hora do Recreio,2194,487566,207335942,neutral
"3,995th",B+ ,Coco der Neugierige,104,287485,90781129,neutral
"3,996th",B+ ,Wyatt21x,145,30642,34099760,neutral
"3,997th",B+ ,Muscle Madness,617,1505808,364020491,neutral
"3,998th",B+ ,Kaumudy,21632,725125,329156443,neutral
"3,999th",B+ ,Искусство Развития,754,65905,17567433,neutral
"4,000th",B+ ,NRS RAJASTHANI MUSIC,139,437751,123525051,neutral
"4,001st",B+ ,Chosen Few,380,1123446,457548584,negative
"4,002nd",B+ ,Esen Müzik,4382,780849,859709305,neutral
"4,003rd",B+ ,Nestlé Việt Nam,262,190457,176147511,neutral
"4,004th",B+ ,biltu pramanik,203,-- ,103554553,neutral
"4,005th",B+ ,KK CASSETTE,1879,-- ,160444566,neutral
"4,006th",B+ ,Team FO3 Star,53,-- ,81591812,neutral
"4,007th",B+ ,BigDawsTv,202,4960916,779990865,neutral
"4,008th",B+ ,Jessi Uribe,29,530118,236074307,neutral
"4,009th",B+ ,TheRussianBadger,488,1640768,327389017,neutral
"4,010th",B+ ,RoyalPhilippines,50,2858,19860353,neutral
"4,011th",B+ ,DrDreVEVO,10,2827733,1468458121,neutral
"4,012th",B+ ,Misol & Seal -…,619,402167,125652268,neutral
"4,013th",B+ ,WIRED,2722,2581332,712956070,neutral
"4,014th",B+ ,AlphaSniper97,2056,3245013,660160716,neutral
"4,015th",B+ ,ArjonaOficial,168,3142415,1194042846,neutral
"4,016th",B+ ,LIVELOVEASAPVEVO,58,1544245,752383426,neutral
"4,017th",B+ ,POPxoDaily,1650,1962633,707649788,neutral
"4,018th",B+ ,Pocoyo Episodios Completos ESPAÑOL,262,1121414,455386417,neutral
"4,019th",B+ ,Spockcomedia,1020,891413,360666281,neutral
"4,020th",B+ ,G Entertainment,6,238588,65225035,neutral
"4,021st",B+ ,はなお,365,896332,235833745,neutral
"4,022nd",B+ ,freekickerz,1271,7029564,1774433565,neutral
"4,023rd",B+ ,Tom Produções,450,5333616,1435772090,neutral
"4,024th",B+ ,Votra KidsTV,571,1122511,615322797,neutral
"4,025th",B+ ,Canal Parafuso Solto,275,1102036,282786868,neutral
"4,026th",B+ ,Семейка Z,263,1160807,254978798,neutral
"4,027th",B+ ,Lumaid,878,1262374,488319998,neutral
"4,028th",B+ ,Eurovision Song Contest,4936,2444780,3341297010,neutral
"4,029th",B+ ,قناة الاطفال -ALATFAL,2,101097,26755263,neutral
"4,030th",B+ ,Cinecurry Malayalam,881,-- ,118361436,neutral
"4,031st",B+ ,aurora universe,124,48771,20947675,neutral
"4,032nd",B+ ,Bollywood Life,27239,626748,427561578,neutral
"4,033rd",B+ ,Titi Toys and Dolls,522,1405685,575642246,neutral
"4,034th",B+ ,Mark Wiens,882,2553357,501034423,neutral
"4,035th",B+ ,Blake Shelton - Topic,463,24032,14698205,neutral
"4,036th",B+ ,Salomundo,48,2120260,109240059,neutral
"4,037th",B+ ,FEDUK,63,717479,209878500,neutral
"4,038th",B+ ,Sing mit mir - Kinderlieder,135,737508,890051940,neutral
"4,039th",B+ ,Cyprien,143,12370132,2002757441,neutral
"4,040th",B+ ,Dream TV Egypt,56157,1287864,575358276,neutral
"4,041st",B+ ,Amit Kumar AKR,11,453813,54537381,neutral
"4,042nd",B+ ,Novelas Now,219,411508,9402783,neutral
"4,043rd",B+ ,Вайнран,568,1543962,495469730,neutral
"4,044th",B+ ,Soundtek,2710,871376,300725634,neutral
"4,045th",B+ ,PharrellWilliamsVEVO,36,1459018,617761522,neutral
"4,046th",B+ ,Baby ToysReview,48,323991,69630640,neutral
"4,047th",B+ ,Smithsonian Channel,2357,1470934,548583186,neutral
"4,048th",B+ ,헬로카봇 - hello carbot…,401,398894,329191509,neutral
"4,049th",B+ ,MISTHY TV,802,2171341,362433746,neutral
"4,050th",B+ ,KIDS TOYS CHANNEL,450,1298793,778104014,neutral
"4,051st",B+ ,Sanjivani Bhojpuri,12233,1628683,488265669,neutral
"4,052nd",B+ ,Kid Nation,146,-- ,249447045,neutral
"4,053rd",B+ ,Julienco,323,3674148,926590315,neutral
"4,054th",B+ ,HIMAWARI普段遊び,603,602676,477202954,neutral
"4,055th",B+ ,DemolitionRanch,312,5736011,779304513,neutral
"4,056th",B+ ,AroundMeBD,613,887454,314834207,neutral
"4,057th",B+ ,Ultra Marathi,6684,925088,452558371,neutral
"4,058th",B+ ,Parecen Noticias Extra,1889,541564,205772758,neutral
"4,059th",B+ ,Ganga Cassette,535,942651,214038332,neutral
"4,060th",B+ ,Орел и Решка,1583,1657445,448824409,neutral
"4,061st",B+ ,GOLAZO TV,29,-- ,58213812,neutral
"4,062nd",B+ ,Muse,116,2407368,1432977501,neutral
"4,063rd",B+ ,カズゲームズ/Gaming Kazu,2242,1337505,1121233211,neutral
"4,064th",B+ ,Emergency Awesome,3374,2537309,944778415,positive
"4,065th",B+ ,AmmA Music,995,1317578,1298288901,neutral
"4,066th",B+ ,Ultra Kids Zone,2251,1036823,435733967,neutral
"4,067th",B+ ,Caixa Econômica Federal,443,35947,57577839,neutral
"4,068th",B+ ,Oddbods Español,136,430319,178553014,neutral
"4,069th",B+ ,G M Dance Centre,39,206322,38789755,neutral
"4,070th",B+ ,Syrex,857,520264,238683494,neutral
"4,071st",B+ ,Dara Daily,5,159061,53455482,neutral
"4,072nd",B+ ,華語網絡大電影,370,238594,171133852,neutral
"4,073rd",B+ ,India News Viral,6254,772489,200894142,neutral
"4,074th",B+ ,AryMiP,472,764293,194047692,neutral
"4,075th",B+ ,Future - Topic,1004,338298,590981966,neutral
"4,076th",B+ ,Fox Family - Official Channel,347,-- ,147227962,neutral
"4,077th",B+ ,Google Brasil,355,453663,316051611,neutral
"4,078th",B+ ,Blipbi Video,84,-- ,15504578,neutral
"4,079th",B+ ,Spacetoon,1304,1660839,665246987,neutral
"4,080th",B+ ,Doug DeMuro,320,2029399,476006982,neutral
"4,081st",B+ ,News Syakhira,530,-- ,20712758,neutral
"4,082nd",B+ ,mehndi designs by Rajeshwari Arun,379,477654,122096889,neutral
"4,083rd",B+ ,AudioslaveVEVO,12,675233,706130316,neutral
"4,084th",B+ ,Global News,8349,268270,214329966,neutral
"4,085th",B+ ,SK telecom,1752,172876,400232163,neutral
"4,086th",B+ ,Official Arctic Monkeys,55,3600010,1194441555,neutral
"4,087th",B+ ,비몽,3286,347449,184100133,neutral
"4,088th",B+ ,NLaFourcadeVEVO,166,1269838,884920011,neutral
"4,089th",B+ ,Танцюють всі!,2096,1015309,707331455,neutral
"4,090th",B+ ,Cambodia Wilderness Channel,188,1088821,416506023,neutral
"4,091st",B+ ,Nadeem Sarwar,314,583121,213194313,neutral
"4,092nd",B+ ,Rick Grimes,476,379672,182603564,neutral
"4,093rd",B+ ,Baby Gizmo,2014,496190,239898031,neutral
"4,094th",B+ ,JokerIsME,83,-- ,536699514,neutral
"4,095th",B+ ,Action Mania V2,22,816534,9812005,positive
"4,096th",B+ ,letstalk saddam,501,1295940,264442533,neutral
"4,097th",B+ ,Xiaomi France,17,301,12943662,neutral
"4,098th",B+ ,Thanks For Watching,746,870672,148198633,positive
"4,099th",B+ ,Masha Zoom,334,718753,90588842,neutral
"4,100th",B+ ,GROUDPOND,3077,222223,167892634,neutral
"4,101st",B+ ,DenzelCurryVEVO,1,8012,25878252,neutral
"4,102nd",B+ ,Diana Naikova,551,1168769,271338260,neutral
"4,103rd",B+ ,Trực Tiếp Bóng Đá,189,-- ,11717425,neutral
"4,104th",B+ ,Nassif Zeytoun,87,1534384,688801590,neutral
"4,105th",B+ ,SeanPaulVEVO,23,1228759,711214527,neutral
"4,106th",B+ ,Tulioakar96,466,123358,55814886,neutral
"4,107th",B+ ,GBR - Giochi per Bambini e Ragazzi,1002,457918,224920345,neutral
"4,108th",B+ ,Green Day,170,3126147,1746805127,negative
"4,109th",B+ ,DẠY BÉ HỌC ONLINE,66,963770,455333267,neutral
"4,110th",B+ ,Top 5 Cover,90,-- ,97396565,positive
"4,111th",B+ ,bugzybugout,83,170989,50868914,neutral
"4,112th",B+ ,Ситилинк,244,4305,47221635,neutral
"4,113th",B+ ,民視綜合頻道,208265,383022,659944536,neutral
"4,114th",B+ ,LOKMAN,361,550801,210729512,neutral
"4,115th",B+ ,BosskingFilms,28,12112,11644259,neutral
"4,116th",B+ ,El Barbudo Taboo,29,59022,41510056,neutral
"4,117th",B+ ,BMTHOfficialVEVO,38,1752895,488483593,neutral
"4,118th",B+ ,Warner Music Spain,1230,1348824,1420618733,neutral
"4,119th",B+ ,Super Animals,127,-- ,53200243,positive
"4,120th",B+ ,Headspace,76,119531,169294024,neutral
"4,121st",B+ ,BIC Production | مركز…,791,520065,342109457,neutral
"4,122nd",B+ ,Elif Dizisi,3353,552445,424930890,neutral
"4,123rd",B+ ,TEAM KUKU,41,1212624,331246696,neutral
"4,124th",B+ ,Astro Gempak,9190,1528367,978315074,neutral
"4,125th",B+ ,Матвей Котофей,228,756945,248511595,neutral
"4,126th",B+ ,bachata1908,307,503100,297184677,neutral
"4,127th",B+ ,Group Reporter,1333,501613,200270430,neutral
"4,128th",B+ ,OSR Digital,1113,939680,377855853,neutral
"4,129th",B+ ,#FIRST WINGS FILM PRODUCTION,22,69055,12678949,positive
"4,130th",B+ ,ぺいんとチャンネルゥ,786,938901,427605084,neutral
"4,131st",B+ ,Videos Novelas,1247,105380,66411897,neutral
"4,132nd",B+ ,Love Island,750,620356,444201674,positive
"4,133rd",B+ ,ProGamingStudioHD ヅ,308,1622049,533090561,neutral
"4,134th",B+ ,Arab cinema,383,198902,193514701,neutral
"4,135th",B+ ,카토크,91,-- ,25128654,neutral
"4,136th",B+ ,BarbieeeE,30,82369,13368369,neutral
"4,137th",B+ ,Teen Titans Go!,329,904264,369585993,neutral
"4,138th",B+ ,MEGWIN TV,4869,1158868,923484591,neutral
"4,139th",B+ ,Dani Mocanu © Oficial,188,1283134,578901595,neutral
"4,140th",B+ ,Upin Ipin NEW,86,-- ,53905624,positive
"4,141st",B+ ,Flowers TV,4624,774624,380897493,neutral
"4,142nd",B+ ,The Film Theorists,150,6902278,812042268,neutral
"4,143rd",B+ ,Kid's Games,516,2258362,168116737,neutral
"4,144th",B+ ,Tamel Rasegan,441,189307,83767386,neutral
"4,145th",B+ ,Oneindia Tamil |…,13808,564469,185519759,neutral
"4,146th",B+ ,Sezen Aksu,627,808519,427759679,neutral
"4,147th",B+ ,Comfy - Демо,1223,11388,38950531,neutral
"4,148th",B+ ,"Tyler, The Creator",24,1143905,144946358,neutral
"4,149th",B+ ,Monstercat: Uncaged,1349,6989132,2141067728,neutral
"4,150th",B+ ,SunShine Senpai,338,285141,130379353,neutral
"4,151st",B+ ,The Big Bang: Theory BR,1235,97692,63631074,neutral
"4,152nd",B+ ,Tary,563,749462,203572706,neutral
"4,153rd",B+ ,Jhakaas Moviez,1092,-- ,91368802,neutral
"4,154th",B+ ,LODVGVEVO,107,847662,1200373533,neutral
"4,155th",B+ ,Jenna Dewan,43,342222,28109205,neutral
"4,156th",B+ ,TheCranberriesVEVO,19,1428702,1414779306,neutral
"4,157th",B+ ,القيثارة | Alqithara,619,1597514,590984374,neutral
"4,158th",B+ ,CBS,57325,1098981,1505436631,neutral
"4,159th",B+ ,Litllebaby,209,340905,78259240,neutral
"4,160th",B+ ,雙胞胎軒軒釩釩,47,232437,58991136,neutral
"4,161st",B+ ,Et بالمغربي - Et Maroc,398,-- ,15923585,neutral
"4,162nd",B+ ,MerkinMuffly,467,-- ,243928887,neutral
"4,163rd",B+ ,Jaaz Multimedia,293,1405156,538897147,neutral
"4,164th",B+ ,Mahindra Racing,128,14796,131089309,neutral
"4,165th",B+ ,Çocukcuk,271,179279,55746729,neutral
"4,166th",B+ ,CMV,230,689916,151937725,neutral
"4,167th",B+ ,Mundo Web,224,563290,234898910,neutral
"4,168th",B+ ,Paweł Domagała,9,132645,54254556,neutral
"4,169th",B+ ,T-Mobile,822,196195,59516757,neutral
"4,170th",B+ ,Hayal Ailesi,106,610870,379846251,neutral
"4,171st",B+ ,Gossip Adda,2472,391075,240498843,neutral
"4,172nd",B+ ,Joga Sport,153,1026691,401990132,neutral
"4,173rd",B+ ,Telemundo Entretenimiento,14680,1229310,541286065,neutral
"4,174th",B+ ,HOTVODyoung,3948,277041,316994913,neutral
"4,175th",B+ ,5FDPVEVO,107,1424204,1019211373,neutral
"4,176th",B+ ,Trilha Sonora Favorita,980,341926,135602583,neutral
"4,177th",B+ ,Smart Duniya,226,-- ,74174614,positive
"4,178th",B+ ,DavidBisbalVEVO,98,1159378,836343309,neutral
"4,179th",B+ ,Игрушки Зверюшки,21,176315,40576699,neutral
"4,180th",B+ ,SpanisHDReal,155,1098959,289204610,neutral
"4,181st",B+ ,pingüino,18,194626,51357530,neutral
"4,182nd",B+ ,Coppel,203,144394,185471840,neutral
"4,183rd",B+ ,Show and Tell Toys,835,600768,635027085,neutral
"4,184th",B+ ,Bonafont Levité,13,5318,21402552,neutral
"4,185th",B+ ,مزيون قيمز - GamesMzuuoon,631,1457404,265399330,neutral
"4,186th",B+ ,William Hofmeister,113,-- ,297849148,neutral
"4,187th",B+ ,LK Gaming,1688,-- ,76043505,neutral
"4,188th",B+ ,Songs PK,39,500677,130346801,neutral
"4,189th",B+ ,lozaus1,92,1531645,920454511,neutral
"4,190th",B+ ,XBRAKER VS ARCADE,3568,1011362,549771033,neutral
"4,191st",B+ ,王小君,68,48700,11359488,neutral
"4,192nd",B+ ,DAHIYA FILMS,110,770569,242968335,neutral
"4,193rd",B+ ,An Ninh Thế Giới,6147,775473,589905435,neutral
"4,194th",B+ ,Harry Hu,342,85014,115544021,neutral
"4,195th",B+ ,Power Past Impossible,49,3511,54606430,negative
"4,196th",B+ ,NPR Music,1435,1868951,468362308,neutral
"4,197th",B+ ,악동 김블루,753,982257,263354350,neutral
"4,198th",B+ ,Düşyeri,571,1586148,1174568015,neutral
"4,199th",B+ ,Mr.VenkatTV,2719,219749,71044404,neutral
"4,200th",B+ ,PT. NutriSains,85,6106,74837048,neutral
"4,201st",B+ ,Sergey322,496,332655,198438293,neutral
"4,202nd",B+ ,FilmSelect Español,396,900880,387543524,neutral
"4,203rd",B+ ,圧倒的不審者の極み!,48,1288631,165046156,neutral
"4,204th",B+ ,Level UP,92,734279,257972852,neutral
"4,205th",B+ ,قوي ذهنك,166,-- ,17650009,neutral
"4,206th",B+ ,Third String Kicker,211,526778,314002396,neutral
"4,207th",B+ ,Research Tv India,207,2982012,295539024,neutral
"4,208th",B+ ,HalfpintFilmz - WouldYaLookAtThis,859,481252,178853714,neutral
"4,209th",B+ ,Izzy's Toy Time,760,417453,546091172,neutral
"4,210th",B+ ,Eleven Seven Music,673,628716,456380142,neutral
"4,211th",B+ ,SBS Inkigayo,15197,2169754,1175612603,neutral
"4,212th",B+ ,Brinoco,1234,-- ,1430988016,neutral
"4,213th",B+ ,Thomas Toys,94,2118571,451054518,neutral
"4,214th",B+ ,EarthWindandFireVEVO,192,466893,616730422,neutral
"4,215th",B+ ,밥티비,162,7549,12639641,neutral
"4,216th",B+ ,اتفرج منوعات 2,141,412635,143254987,neutral
"4,217th",B+ ,Zee Sarthak,5104,602507,186271408,neutral
"4,218th",B+ ,House Of Jhankar,295,470493,152636933,neutral
"4,219th",B+ ,JucariiPentruTine Jucarii,394,40472,12757906,neutral
"4,220th",B+ ,PK NEWS,3302,-- ,164165164,neutral
"4,221st",B+ ,CoasterForce,2741,608436,389986083,neutral
"4,222nd",B+ ,DANWEB,233,198843,73882238,neutral
"4,223rd",B+ ,Color Man,530,286277,80213009,neutral
"4,224th",B+ ,Трум Трум СЕЛЕКТ,309,2205086,374284451,neutral
"4,225th",B+ ,AGUGAI,752,504510,275562500,neutral
"4,226th",B+ ,I'm A Celebrity... Get Me Out Of…,3809,556797,262283864,neutral
"4,227th",B+ ,Vrindavan Channel,25,155009,32901297,neutral
"4,228th",B+ ,محمد خير جراح Mhd Kheir…,641,486101,240672308,neutral
"4,229th",B+ ,UrbanoVideosTV,418,1927186,456707483,neutral
"4,230th",B+ ,Robin Schulz,235,2550003,1781228597,neutral
"4,231st",B+ ,قناة الشيخ كشك,3416,3028665,787438630,neutral
"4,232nd",B+ ,Cartoon Network Brasil,1137,2459727,470240910,neutral
"4,233rd",B+ ,OfficialGucciMane,172,2196209,1043551240,neutral
"4,234th",B+ ,All In One,524,634881,211001126,neutral
"4,235th",B+ ,Zıpır Çocuk TV,188,89375,21985070,neutral
"4,236th",B+ ,S7S,47,796765,55317768,neutral
"4,237th",B+ ,SCIBHAJAN,692,600035,126016904,neutral
"4,238th",B+ ,Connecting,1575,485648,116342873,neutral
"4,239th",B+ ,Rosanna Pansino,612,10580428,2489858520,neutral
"4,240th",B+ ,MaxINFINITE,5129,1711245,987592904,neutral
"4,241st",B+ ,love forever,406,-- ,123056722,positive
"4,242nd",B+ ,Shaun the Sheep [BahasaIndonesia],218,858511,500876539,neutral
"4,243rd",B+ ,Garam Chai,6288,467429,238038023,neutral
"4,244th",B+ ,معلومة | M3loma,664,2042363,274055161,neutral
"4,245th",B+ ,CD MLP scratch,270,754350,600664637,neutral
"4,246th",B+ ,NYN KID,357,756108,152102565,neutral
"4,247th",B+ ,CHU CHU UA TV,4,-- ,68627790,neutral
"4,248th",B+ ,Rovi23,3428,2542338,816442362,neutral
"4,249th",B+ ,Kubz Scouts,1164,2191461,710941574,neutral
"4,250th",B+ ,Tv9 Gujarati,39806,791256,433142229,neutral
"4,251st",B+ ,Little Baby Bum Junior Nursery…,225,677648,468894884,negative
"4,252nd",B+ ,Will It Slime?,151,1323802,319494671,neutral
"4,253rd",B+ ,Colors Learn For Kids,3,-- ,49672479,neutral
"4,254th",B+ ,ColorsTV Promos,3379,621382,282831607,neutral
"4,255th",B+ ,Liliya Kitto,512,938902,207605415,neutral
"4,256th",B+ ,Disco Recording Company - Telangana…,3256,451579,168275435,neutral
"4,257th",B+ ,MARTIN TV GO VEGAN - AMOR Y MÁS,669,39830,12257194,neutral
"4,258th",B+ ,Jaze Cinema,1421,1734164,668145625,neutral
"4,259th",B+ ,Aşk Laftan Anlamaz,891,1299858,915974090,neutral
"4,260th",B+ ,Oyuncak Şekeri,651,861408,375050153,neutral
"4,261st",B+ ,RAJAWALI TELEVISI - LANGIT RTV,1714,619058,236221884,neutral
"4,262nd",B+ ,HYPEX,148,406223,67295082,neutral
"4,263rd",B+ ,Cam Channel,87,231927,70171553,neutral
"4,264th",B+ ,MQTube,71,-- ,180135917,neutral
"4,265th",B+ ,Rudel,570,96567,143312495,neutral
"4,266th",B+ ,Irmãos Berti,132,3645466,214554593,neutral
"4,267th",B+ ,NellyVEVO,37,2412648,1825819278,neutral
"4,268th",B+ ,MR Bhojpuriya,134,1123700,142478562,neutral
"4,269th",B+ ,Wolokoso Mu Uganda,2110,83948,26071780,neutral
"4,270th",B+ ,Die Antwoord,83,2440827,648809297,neutral
"4,271st",B+ ,Little Treehouse India - Hindi Kids…,108,545169,133365510,negative
"4,272nd",B+ ,Andhika Gemintang,157,1161097,161942267,neutral
"4,273rd",B+ ,Oi,1004,378010,547831643,neutral
"4,274th",B+ ,Jani Eremin,40,62613,29740400,neutral
"4,275th",B+ ,華策FUN國際｜HUACE GLOBAL FUN,1305,397952,195378522,positive
"4,276th",B+ ,Peppa Pig English,413,1565194,615383060,neutral
"4,277th",B+ ,JHANKAR STUDIO,513,340574,84482640,neutral
"4,278th",B+ ,HERMusicVEVO,25,176944,95533649,neutral
"4,279th",B+ ,FilmiBeat,19030,1734370,778900041,neutral
"4,280th",B+ ,Uncle Corone,502,1003365,835018992,neutral
"4,281st",B+ ,Toda Meiga,317,2908845,417032049,neutral
"4,282nd",B+ ,McDonald's Brasil,114,337855,216657605,neutral
"4,283rd",B+ ,Trung Ruồi Official,23,634190,126807123,neutral
"4,284th",B+ ,NIXBLACK,154,-- ,134929818,neutral
"4,285th",B+ ,Carolina Ross,190,1357631,382177944,neutral
"4,286th",B+ ,SorDor Style,195,1294410,185991343,neutral
"4,287th",B+ ,MANYACRAFT,2563,1163116,165459402,neutral
"4,288th",B+ ,GEICO Insurance,293,1155382,186262503,neutral
"4,289th",B+ ,DisneyChannelIT,2295,1430452,1095337363,neutral
"4,290th",B+ ,AnavitoriaVEVO,40,1203537,341197194,neutral
"4,291st",B+ ,MIX TV,246,103478,49046931,neutral
"4,292nd",B+ ,TheBrainDit,6060,7712494,2616145057,neutral
"4,293rd",B+ ,PEACH EAT LAEK,91,1901081,133729044,neutral
"4,294th",B+ ,Funny Floret,82,336638,85689875,positive
"4,295th",B+ ,PUBG TV,232,1285844,246460563,neutral
"4,296th",B+ ,Round2hell,47,3199452,233499670,neutral
"4,297th",B+ ,Truyện Ma Kinh Dị 2018,426,178470,59930828,neutral
"4,298th",B+ ,RTL2,604,477240,348130387,neutral
"4,299th",B+ ,CILIO,453,1940035,267450664,neutral
"4,300th",B+ ,Domingo Espetacular,2456,1729885,408148702,neutral
"4,301st",B+ ,NerdOut!,154,1978183,503637145,neutral
"4,302nd",B+ ,Tarang Cine Productions,288,541876,189848367,neutral
"4,303rd",B+ ,釣りよかでしょう。,1461,1032380,559314261,neutral
"4,304th",B+ ,Maasranga TV Official,516,783456,136192778,neutral
"4,305th",B+ ,VICE,2442,9723676,1852463966,neutral
"4,306th",B+ ,エムキッズチャンネルM…,183,250852,48272739,neutral
"4,307th",B+ ,ROBERT PG,523,2969212,564359701,neutral
"4,308th",B+ ,Movieclips Coming Soon,22312,2032501,2188931850,neutral
"4,309th",B+ ,MysticGotJokes,487,4254998,1077452252,neutral
"4,310th",B+ ,MileyCyrusVEVO,51,10847617,3352830806,neutral
"4,311th",B+ ,ColorMonsters Toy,699,465232,280068762,neutral
"4,312th",B+ ,Rels B // Flakk Daniel,87,1229857,392738625,neutral
"4,313th",B+ ,HDBroadcaster .com,373,267466,218563753,neutral
"4,314th",B+ ,Рэп Лирика - Рэп…,984,659909,337127108,neutral
"4,315th",B+ ,tvOneNews,13148,491590,190848806,neutral
"4,316th",B+ ,HiHaHe Nerf War,260,557813,273406816,neutral
"4,317th",B+ ,Aflamna El7elwa - أفلامنا…,814,545971,165109493,neutral
"4,318th",B+ ,NOWnews,5518,40931,52306718,neutral
"4,319th",B+ ,Телеканал Ю,8933,337839,212286579,neutral
"4,320th",B+ ,Anne,610,714014,499503270,neutral
"4,321st",B+ ,Daftar5,433,1350477,269945369,neutral
"4,322nd",B+ ,Palmashow,260,3072715,1236545036,neutral
"4,323rd",B+ ,Bollywood Arabic Videos,245,386377,100273824,neutral
"4,324th",B+ ,Peter PlutaX,1390,1860291,776209979,neutral
"4,325th",B+ ,Attessia TV,5403,1035084,474450626,neutral
"4,326th",B+ ,少康戰情室,4367,359222,266795161,neutral
"4,327th",B+ ,Mac Miller,159,1744620,1118463212,neutral
"4,328th",B+ ,ILuvOlitz2,258,38957,40694978,neutral
"4,329th",B+ ,cute kiddy,91,935162,234207403,positive
"4,330th",B+ ,Nhạc thiếu nhi vui nhộn,49,-- ,70895833,neutral
"4,331st",B+ ,Kurtlar Vadisi,473,307650,522829103,neutral
"4,332nd",B+ ,Yuki Music,1563,841673,168398860,neutral
"4,333rd",B+ ,Tivibu Spor,2807,354600,203379615,neutral
"4,334th",B+ ,Theater Movies,34,-- ,10542702,neutral
"4,335th",B+ ,kiiroitori1229,104,351108,87868473,neutral
"4,336th",B+ ,Dr. Vivek Bindra: Motivational…,295,4597616,220684745,neutral
"4,337th",B+ ,Ahmed Hassan Hussein,130,1220134,175906336,neutral
"4,338th",B+ ,PragerU,448,1663462,463159205,neutral
"4,339th",B+ ,AshStudio7,513,1419008,406531365,neutral
"4,340th",B+ ,FUNTASTIC TV - Kids Songs and…,298,1896907,1243275274,neutral
"4,341st",B+ ,MeleTOP,3306,621315,399884495,neutral
"4,342nd",B+ ,Talking Kitty Cat,157,1458071,454883738,neutral
"4,343rd",B+ ,CaptainSauce,1209,734560,246185449,neutral
"4,344th",B+ ,Julia Silva,1236,3800626,890696929,neutral
"4,345th",B+ ,WhatCulture Wrestling,3118,1587627,1001145641,neutral
"4,346th",B+ ,AlexMax Han,11,300002,11215273,neutral
"4,347th",B+ ,dontettotv,83,172781,80676715,neutral
"4,348th",B+ ,น้องดาว We Kids Smile,154,246795,54490730,positive
"4,349th",B+ ,Nossa Novela,569,1204938,258592184,neutral
"4,350th",B+ ,Simon Desue,513,3877580,633318109,neutral
"4,351st",B+ ,Jc Sheik,6528,454522,74167732,neutral
"4,352nd",B+ ,BrutalGaming!,355,449720,201130465,neutral
"4,353rd",B+ ,Os Pequerruchos,110,1220376,725475997,neutral
"4,354th",B+ ,starshipTV,1044,3037987,1564553335,neutral
"4,355th",B+ ,SamsungChile,492,85773,181721647,neutral
"4,356th",B+ ,GRUPO5,104,411851,251409125,neutral
"4,357th",B+ ,자동차 & 로봇 장난감 Car &…,3077,996142,824707252,neutral
"4,358th",B+ ,ZoZo Show,65,2071956,508266770,neutral
"4,359th",B+ ,Reggaeton FullHD,322,389727,216943304,neutral
"4,360th",B+ ,保育園ぐらんでぃーる,592,90937,47520024,neutral
"4,361st",B+ ,DavidsTV,289,1113649,322758374,neutral
"4,362nd",B+ ,Olsa & Olta,7,160691,53907404,neutral
"4,363rd",B+ ,DjSuraj Farrukhabad,169,37205,19948476,neutral
"4,364th",B+ ,まめきゅん [MAMEKYUNN],1358,213735,178216897,neutral
"4,365th",B+ ,Zalfa Aulia Channel,269,591761,174499518,neutral
"4,366th",B+ ,Monsta,452,2720496,930703534,neutral
"4,367th",B+ ,Pebbles Hindi,2088,833466,319125136,neutral
"4,368th",B+ ,Super Kid Hero,12,570694,57949343,positive
"4,369th",B+ ,Cristiano Araújo,65,2353752,1223199008,neutral
"4,370th",B+ ,Belgas TV,552,1353313,105899909,neutral
"4,371st",B+ ,MTG - Nhân,101,529228,182326632,neutral
"4,372nd",B+ ,HBO,5798,1275042,554763568,neutral
"4,373rd",B+ ,PuneetSway,167,1241717,160772863,neutral
"4,374th",B+ ,Bo Studio SMF,117,107984,24229250,neutral
"4,375th",B+ ,Roadrunner Records,449,1843864,1645507223,neutral
"4,376th",B+ ,EM - عيسى المرزوق,11,1038932,267177101,neutral
"4,377th",B+ ,Mi Mi Kids,34,564435,152373821,neutral
"4,378th",B+ ,Video time,96,-- ,96050894,neutral
"4,379th",B+ ,Fique Diva com Niely,487,149627,190623469,neutral
"4,380th",B+ ,Le Monde à L'Envers,104,1771858,233842849,neutral
"4,381st",B+ ,baby mesk,20,439950,96329712,neutral
"4,382nd",B+ ,Tunes Arabia - تيونز…,235,314383,213794271,neutral
"4,383rd",B+ ,Veena Music,778,1008997,389129341,neutral
"4,384th",B+ ,WWE Mania,281,481440,158968402,neutral
"4,385th",B+ ,桐崎栄二/きりざきえいじ,237,2359443,636059688,neutral
"4,386th",B+ ,AbstrachujeTV,210,3214966,937746486,neutral
"4,387th",B+ ,BTNews Hindi,5772,623657,164605890,neutral
"4,388th",B+ ,Redondos Subtitulados,2087,472618,588597918,neutral
"4,389th",B+ ,Los 4,127,211307,105751574,neutral
"4,390th",B+ ,84 TUBE,264,185278,97745560,neutral
"4,391st",B+ ,No: 309,1109,643899,760229916,neutral
"4,392nd",B+ ,Variety,2321,285459,131193046,neutral
"4,393rd",B+ ,Grandpa Kitchen,116,2933547,262239661,neutral
"4,394th",B+ ,Warner Bros. Pictures…,1596,836973,576357430,neutral
"4,395th",B+ ,Adını Feriha Koydum,194,112344,60635282,neutral
"4,396th",B+ ,বাউলা অন্তর,64,36269,13891145,neutral
"4,397th",B+ ,Nuke's Top 5,102,837164,202480389,positive
"4,398th",B+ ,ditto art,221,922554,306245397,neutral
"4,399th",B+ ,ToyStorys CAF Network,97,133598,29113560,neutral
"4,400th",B+ ,TRAMBOLINO COMPILATION,84,100720,39703191,neutral
"4,401st",B+ ,بابلي تولز | Publitools,302,1361298,796856932,neutral
"4,402nd",B+ ,Ozuna - Topic,194,135532,57859774,neutral
"4,403rd",B+ ,AUC - ALL URBAN CENTRAL,2708,806217,654481488,neutral
"4,404th",B+ ,Suhana Safar,34,243103,65597110,neutral
"4,405th",B+ ,Colors Kids,33,1806734,375224093,neutral
"4,406th",B+ ,Active Self Protection,917,1121695,443592524,negative
"4,407th",B+ ,Hãng Phim Hoạt Hình Việt Nam,589,670509,477313404,neutral
"4,408th",B+ ,soormandir,1164,796234,192988013,neutral
"4,409th",B+ ,Lakme India,431,222445,375440442,neutral
"4,410th",B+ ,Tudubom Records,182,1297856,391537498,neutral
"4,411th",B+ ,Phim Hài Hay - Phim Hài Việt,465,969585,526972494,neutral
"4,412th",B+ ,ThaiPBS,42373,1381892,546531799,neutral
"4,413th",B+ ,Headlines India,1353,1526773,243269589,neutral
"4,414th",B+ ,PMV - NEWS,5629,-- ,239203776,neutral
"4,415th",B+ ,VehliJantaRecords,144,1084471,316419514,neutral
"4,416th",B+ ,91.9 Sarthak FM,805,811217,189625826,neutral
"4,417th",B+ ,Carbon Fiber Music,70,1777878,446604020,neutral
"4,418th",B+ ,Wheel City Heroes - Official…,38,128195,30618973,neutral
"4,419th",B+ ,Crown Records,101,1667695,447120859,neutral
"4,420th",B+ ,Thai Fairy Tales,84,934181,323924630,neutral
"4,421st",B+ ,ALPACO,170,811472,448850524,neutral
"4,422nd",B+ ,Toy Candy,196,3291030,2153959075,neutral
"4,423rd",B+ ,테스터훈 TesterHoon,1197,962469,311764901,neutral
"4,424th",B+ ,Siwonii Meow,38,185392,91919600,neutral
"4,425th",B+ ,Maddock Films,10,82067,46823120,neutral
"4,426th",B+ ,telblog.net,1081,3182436,777921054,neutral
"4,427th",B+ ,MehndiArtistica,1238,1469169,349431711,neutral
"4,428th",B+ ,Miss Gaby,141,2021134,629032106,neutral
"4,429th",B+ ,Dehati Indian Masti,38,407531,47752610,neutral
"4,430th",B+ ,TV1 Telugu,3952,440463,99698526,neutral
"4,431st",B+ ,La Santa Grifa Official,238,2145019,845116969,neutral
"4,432nd",B+ ,Monthly Winners,111,1146565,504985255,neutral
"4,433rd",B+ ,Bublik Nursery rhymes Kids show,2,-- ,146918600,neutral
"4,434th",B+ ,TOYLAND,120,1096770,305134574,neutral
"4,435th",B+ ,Piuzinho,274,1519133,95950604,neutral
"4,436th",B+ ,Chetak Haryanvi,900,1051645,271288378,neutral
"4,437th",B+ ,Baby Fun Learning,852,1568161,624692978,positive
"4,438th",B+ ,Marlon Huber,379,237216,37254942,neutral
"4,439th",B+ ,DD STAR Record,281,791518,402096123,neutral
"4,440th",B+ ,재넌,783,1386510,395519732,neutral
"4,441st",B+ ,Mitsubishi Motors Canada,121,4080,34998429,neutral
"4,442nd",B+ ,Music World,122,930528,214902917,neutral
"4,443rd",B+ ,D.J. AMAN,352,-- ,112941074,neutral
"4,444th",B+ ,Wix Español,124,11587,80572925,neutral
"4,445th",B+ ,Karaoke Long Ẩn - KLA - 9669,523,-- ,71889466,negative
"4,446th",B+ ,Natraj Cassette Barhi,240,257950,89836163,neutral
"4,447th",B+ ,Crime Alert,114,1072946,437781655,neutral
"4,448th",B+ ,Saam TV News,31094,-- ,100812183,neutral
"4,449th",B+ ,RTL Entertainment,8097,269883,580950038,neutral
"4,450th",B+ ,KHB,238,521190,159312670,neutral
"4,451st",B+ ,Siyah Giyen Genç,313,550408,107620134,neutral
"4,452nd",B+ ,KarenDaidai MusicChannel,1530,308635,200148956,neutral
"4,453rd",B+ ,Fórum Chaves,2237,1400387,763555026,neutral
"4,454th",B+ ,QuizKnock,333,342577,87507827,neutral
"4,455th",B+ ,عباس النوري :…,751,357867,153608750,neutral
"4,456th",B+ ,FernandoSorocabaVEVO,37,578497,304388453,neutral
"4,457th",B+ ,Sdab Lyric Music,463,-- ,186447693,positive
"4,458th",B+ ,WAMIndiaMovies,602,1901575,556385699,neutral
"4,459th",B+ ,PRIVADO 80s,277,346863,240794543,neutral
"4,460th",B+ ,Novelas Teen,254,238850,61723603,neutral
"4,461st",B+ ,WisinYYandelVEVO,33,3021803,2632456864,neutral
"4,462nd",B+ ,DOLLAR,157,392723,108162866,neutral
"4,463rd",B+ ,コレコレチャンネル…,259,724528,225715840,neutral
"4,464th",B+ ,Trend Central,143,2136088,371155026,neutral
"4,465th",B+ ,YTLaugh,52,-- ,306935336,neutral
"4,466th",B+ ,TeroserPlay,3935,2343473,539613126,neutral
"4,467th",B+ ,FunkHitsVEVO,81,1531177,297290037,neutral
"4,468th",B+ ,UsagersDesLilas,21,124429,70073364,neutral
"4,469th",B+ ,Glee Scenes,1570,107968,247195957,neutral
"4,470th",B+ ,Ecrin Su Çoban,246,347532,109491745,neutral
"4,471st",B+ ,DatPiff,14407,628138,309081115,neutral
"4,472nd",B+ ,Your Face Sounds Familiar,1437,760746,368906972,positive
"4,473rd",B+ ,My Country My Lifestyle,153,319636,106640797,neutral
"4,474th",B+ ,Magneoton,1036,342635,382791328,neutral
"4,475th",B+ ,hyghhopes,1,15325,14842098,neutral
"4,476th",B+ ,Renault Brasil,148,486167,91019865,neutral
"4,477th",B+ ,VS RECORDS,782,487762,251692655,neutral
"4,478th",B+ ,Enterr10 Music Bhojpuri,182,1097216,406134202,neutral
"4,479th",B+ ,The Evans,3,58445,46311017,neutral
"4,480th",B+ ,HalseyVEVO,99,3186761,1147216205,neutral
"4,481st",B+ ,Skip and Shannon: UNDISPUTED,2114,938377,552418714,neutral
"4,482nd",B+ ,Mes Parrains 2016,323,313843,115123728,neutral
"4,483rd",B+ ,G Series Bhakti,502,174840,66890590,neutral
"4,484th",B+ ,Chicas Cosmo,1769,1924648,392865365,neutral
"4,485th",B+ ,Alice in youtubeland,129,251971,16977496,neutral
"4,486th",B+ ,Nick Eh 30,352,3159213,188789056,neutral
"4,487th",B+ ,HAYZO TV,41,236921,25309856,neutral
"4,488th",B+ ,Свинка Пеппа новые…,5,387640,12105031,neutral
"4,489th",B+ ,Viejitas Pero Bonitas,535,-- ,434401453,neutral
"4,490th",B+ ,Redmau,536,1747889,800260674,neutral
"4,491st",B+ ,Baka Prase,658,844064,203849887,neutral
"4,492nd",B+ ,三原JAPAN Sanyuan_JAPAN,750,821782,145926053,neutral
"4,493rd",B+ ,Official NET News,96996,612068,529640372,neutral
"4,494th",B+ ,G.S World,559,1711413,144994531,neutral
"4,495th",B+ ,Woolly and Tig Official Channel,242,382170,348627425,neutral
"4,496th",B+ ,Levi's®,556,174464,206128851,neutral
"4,497th",B+ ,شاشة المعرفة,221,967424,128793554,neutral
"4,498th",B+ ,Gup Chup Masthi,1809,192386,122441827,neutral
"4,499th",B+ ,HEADLINER,88,-- ,57395887,neutral
"4,500th",B+ ,MyMissAnand,88,896058,143644455,neutral
"4,501st",B+ ,BRUTOS,291,885038,201859935,neutral
"4,502nd",B+ ,NoahsNoah,113,1061118,163742781,neutral
"4,503rd",B+ ,LOBODA,307,504299,447030369,neutral
"4,504th",B+ ,Samosa Short Films,1839,-- ,199787904,neutral
"4,505th",B+ ,La Voz Kids España,314,518162,246512271,neutral
"4,506th",B+ ,Global Health Media Project,700,441833,165912717,neutral
"4,507th",B+ ,SchoolBoy,406,916973,444364482,neutral
"4,508th",B+ ,TwiinsCuliacanTv,5486,2147573,1566419300,neutral
"4,509th",B+ ,PrankInvasion,56,3560074,453201535,neutral
"4,510th",B+ ,中天電視,56420,766414,853996269,neutral
"4,511th",B+ ,NickJonasVEVO,84,2179850,727144814,neutral
"4,512th",B+ ,Лучшее из Сети,1214,204442,100226391,neutral
"4,513th",B+ ,Gustavo Paródias,147,4716736,432327452,neutral
"4,514th",B+ ,Zombies Gameplay,1675,522717,352699376,neutral
"4,515th",B+ ,The Ohana Adventure,847,1759189,413589622,neutral
"4,516th",B+ ,DilsinhoVEVO,54,930141,412052134,neutral
"4,517th",B+ ,Король ММА,467,235452,195157317,neutral
"4,518th",B+ ,Swissbeatbox,2405,1246052,383377417,neutral
"4,519th",B+ ,People are Awesome,478,2821109,598390543,positive
"4,520th",B+ ,P 4 Pakao,258,1768418,383723672,neutral
"4,521st",B+ ,Юлик,1498,1855653,396577745,neutral
"4,522nd",B+ ,Gãy TV,326,-- ,354075785,neutral
"4,523rd",B+ ,Baby Joy Joy - Early Learning (Kids…,111,719656,404123531,positive
"4,524th",B+ ,Cobalt Music,1508,628032,1093021721,neutral
"4,525th",B+ ,Kch Multimedia Naat,2900,1337000,339315498,neutral
"4,526th",B+ ,PBS KIDS,1623,448155,443151356,neutral
"4,527th",B+ ,Baby Dolls & Little Girls,877,681834,448044630,negative
"4,528th",B+ ,RioromaVEVO,93,2457940,1458247020,neutral
"4,529th",B+ ,AerosmithVEVO,85,1436586,1463346223,neutral
"4,530th",B+ ,BT Sport,2590,904661,298643928,neutral
"4,531st",B+ ,Владимир Кум,735,364935,162871197,neutral
"4,532nd",B+ ,Muca Muriçoca,600,4883397,504819925,neutral
"4,533rd",B+ ,iGameplay1337,22803,1273799,1151618614,neutral
"4,534th",B+ ,Tmall AliExpress Russia,41,7143,60464557,neutral
"4,535th",B+ ,Pak Tv24,1310,-- ,197230840,neutral
"4,536th",B+ ,Kids Love,646,-- ,57139887,positive
"4,537th",B+ ,HFM.Productions,243,1371476,544585257,neutral
"4,538th",B+ ,Kids Planet,1186,688440,375611557,neutral
"4,539th",B+ ,Exatlón,1255,969178,253863033,neutral
"4,540th",B+ ,Wylsacom,1691,5995106,1214105642,neutral
"4,541st",B+ ,İşte Benim Stilim,13367,352017,625078392,neutral
"4,542nd",B+ ,Insatiable Clips,39,40373,15648648,neutral
"4,543rd",B+ ,Raditya Dika,752,4681974,592937491,neutral
"4,544th",B+ ,LuL Gaming,222,963290,234387744,neutral
"4,545th",B+ ,26Solmates magic,100,1280198,145773569,positive
"4,546th",B+ ,The Times of India,76391,739545,344694346,neutral
"4,547th",B+ ,RainbowBeeTV,276,-- ,75885207,neutral
"4,548th",B+ ,A Plus Entertainment,8369,1008919,433793654,neutral
"4,549th",B+ ,Colors Bangla,18103,483242,276117357,neutral
"4,550th",B+ ,İstanbullu Gelin,1112,710256,703631356,neutral
"4,551st",B+ ,Joko & Klaas,721,828714,413638517,neutral
"4,552nd",B+ ,Keyblade,270,4465283,1527932609,neutral
"4,553rd",B+ ,MagmaMusen,517,2759333,655748514,neutral
"4,554th",B+ ,TVOKids,1047,63804,24684181,neutral
"4,555th",B+ ,Selena Gomez - Topic,534,296814,32876546,neutral
"4,556th",B+ ,HooplaKidz TV - Funny Cartoons For…,739,2106836,1165566900,positive
"4,557th",B+ ,cine qube,1034,78161,23444423,neutral
"4,558th",B+ ,dangmattsmith,413,6556994,929109981,neutral
"4,559th",B+ ,Ярик Лапа,966,3954908,2534504345,neutral
"4,560th",B+ ,The Jeremy Kyle Show,10696,1363734,1022091568,neutral
"4,561st",B+ ,Magic Pets,117,1042730,148355598,positive
"4,562nd",B+ ,Телеканал ТЕТ,4666,634934,432577978,neutral
"4,563rd",B+ ,RD Gameplay,1504,2235470,323127866,neutral
"4,564th",B+ ,Swami Ramdev,3003,1027241,134894318,neutral
"4,565th",B+ ,MaviSlime,421,763262,424773536,neutral
"4,566th",B+ ,Egyptian Arts Group,1119,621715,262210157,neutral
"4,567th",B+ ,Half Tickets,128,143879,100200965,negative
"4,568th",B+ ,Video Palace,780,618686,341862125,neutral
"4,569th",B+ ,Ameer Bros,47,970732,72642145,neutral
"4,570th",B+ ,Cem Adrian,312,511032,219675437,neutral
"4,571st",B+ ,MotorHP,186,-- ,65624903,neutral
"4,572nd",B+ ,Sobhi Mohammad - صبحي محمد,171,1293280,371775673,neutral
"4,573rd",B+ ,Pro-M,154,666561,575819569,neutral
"4,574th",B+ ,Paws Channel,233,-- ,300026221,neutral
"4,575th",B+ ,코이티비KOITV,299,366615,151455122,neutral
"4,576th",B+ ,킴성태TV,545,451837,110677323,neutral
"4,577th",B+ ,Saregama GenY,1605,1348016,530763825,neutral
"4,578th",B+ ,Legião de Heróis,259,500760,176583022,neutral
"4,579th",B+ ,水溜りボンドの日常,771,1227078,367744255,neutral
"4,580th",B+ ,Afreim,2479,6768781,931270982,neutral
"4,581st",B+ ,FaZe Sensei,223,723607,61490471,neutral
"4,582nd",B+ ,Shaheen Studio,471,-- ,114022378,neutral
"4,583rd",B+ ,START,1145,-- ,39570434,neutral
"4,584th",B+ ,Various Artists - Topic,207072,30224,28670469,neutral
"4,585th",B+ ,LetsPlay,2127,3858133,1908008036,neutral
"4,586th",B+ ,Billie Eilish,12,2436454,57478357,neutral
"4,587th",B+ ,TRT 1,3614,713273,403060976,neutral
"4,588th",B+ ,BlastphamousHD TV2,377,892073,86688820,neutral
"4,589th",B+ ,Mas Waditya,488,548866,415510032,neutral
"4,590th",B+ ,WATZAP,617,813013,74441612,neutral
"4,591st",B+ ,Poke,2250,1949612,353058081,neutral
"4,592nd",B+ ,My Bangla Gaan,175,-- ,61690589,neutral
"4,593rd",B+ ,Ksysha Kids TV,65,-- ,229492298,neutral
"4,594th",B+ ,STR Red,287,732044,214187037,neutral
"4,595th",B+ ,mtvlebanon,32174,1230879,773994459,neutral
"4,596th",B+ ,NTV Natok,1037,1120270,270500150,neutral
"4,597th",B+ ,All Babies Channel - 3D Nursery…,320,1834884,694169961,neutral
"4,598th",B+ ,DashieGames,2183,4547094,1818655801,neutral
"4,599th",B+ ,Animation Cinema,286,667812,197753147,neutral
"4,600th",B+ ,はるみ,10,159914,45544392,neutral
"4,601st",B+ ,Fabelle Exquisite Chocolates,73,6069,39102672,positive
"4,602nd",B+ ,Vines Post,150,-- ,44413572,neutral
"4,603rd",B+ ,Ashok Kumar Raj,56,161823,51072169,neutral
"4,604th",B+ ,Bhojpuri Junction,365,2123818,352889142,neutral
"4,605th",B+ ,Bebe Milo,1028,1827933,593599445,neutral
"4,606th",B+ ,Новости 24/365,296,-- ,64485065,neutral
"4,607th",B+ ,Musas,457,10650095,1354721389,neutral
"4,608th",B+ ,Smosh Pit,1215,5479602,1610278244,neutral
"4,609th",B+ ,StuffOne,208,48464,11101967,neutral
"4,610th",B+ ,SERIAL UPDATE,3507,-- ,224925360,neutral
"4,611th",B+ ,HeadConcussionTV,137,1319138,799286212,neutral
"4,612th",B+ ,War3Star,78,329597,80575665,neutral
"4,613th",B+ ,Children Animation Station,20,477754,109553210,neutral
"4,614th",B+ ,TheScriptVEVO,111,2520920,1349607477,neutral
"4,615th",B+ ,Dunya News,46183,1370062,454980836,neutral
"4,616th",B+ ,무비콕콕,150,-- ,44165357,neutral
"4,617th",B+ ,The Living Tombstone,189,3285685,928632124,neutral
"4,618th",B+ ,DJHAMIDAOFFICIEL,84,1400491,398802909,neutral
"4,619th",B+ ,FJM 006,130,681079,164014692,neutral
"4,620th",B+ ,Ameer Alabadi,165,2789883,831320945,neutral
"4,621st",B+ ,Origins Explained,509,1771203,476360531,neutral
"4,622nd",B+ ,M-Urban,177,59099,23784835,neutral
"4,623rd",B+ ,Дизель Студио,1055,881795,367203103,neutral
"4,624th",B+ ,NEWS,608,-- ,91974820,neutral
"4,625th",B+ ,Bhojpuri Beats,2342,364624,147987483,neutral
"4,626th",B+ ,WOW TV,590,856671,534680184,positive
"4,627th",B+ ,MDP Adwords,80,1074,27827916,neutral
"4,628th",B+ ,Cuentos y Juguetes de Adri,133,1099496,228057115,neutral
"4,629th",B+ ,TOP 15 CURIOSIDADES,300,983449,300740510,positive
"4,630th",B+ ,Raj vallabh,126,233043,77614399,neutral
"4,631st",B+ ,92 News HD,30811,-- ,134021190,neutral
"4,632nd",B+ ,Farmees Português - Canções dos…,535,2718159,888771395,neutral
"4,633rd",B+ ,Fischer's-セカンダリ-,823,2071030,928418444,neutral
"4,634th",B+ ,Hashtags,1696,304604,77394114,neutral
"4,635th",B+ ,Superline Music,3423,671952,230351462,neutral
"4,636th",B+ ,WhatCulture,1444,1608796,708574434,neutral
"4,637th",B+ ,okonomi monjya,122,96234,92704401,neutral
"4,638th",B+ ,Queen Naija,161,3294592,254818379,neutral
"4,639th",B+ ,Hard Play,207,711235,27128142,negative
"4,640th",B+ ,VAST Studio,408,1698943,272265629,neutral
"4,641st",B+ ,SKY Bolero,3012,766424,354989619,neutral
"4,642nd",B+ ,Smoke The Bear,1470,655663,231279737,neutral
"4,643rd",B+ ,Revolución Popular Noticias,4574,258561,151080571,positive
"4,644th",B+ ,Tips Films,931,768707,463071646,neutral
"4,645th",B+ ,BORCREW OFFICIAL,315,854382,631087479,neutral
"4,646th",B+ ,Bangla Gorom News,1896,-- ,151760154,neutral
"4,647th",B+ ,เออน่า…,60,1317249,486047466,neutral
"4,648th",B+ ,Thomas & Friends,854,841762,1031010270,neutral
"4,649th",B+ ,Х-Фактор,2924,784389,773507035,neutral
"4,650th",B+ ,Calle y Poché,148,4555359,287112168,neutral
"4,651st",B+ ,Dj Massage,169,109123,36567040,neutral
"4,652nd",B+ ,UFOvnis,764,969489,367754540,neutral
"4,653rd",B+ ,SHORT TIME SECRET,304,3393635,301632051,negative
"4,654th",B+ ,Fingerwager,22,-- ,119546477,neutral
"4,655th",B+ ,Colors with Baby,77,1066996,228667209,neutral
"4,656th",B+ ,급식왕,68,418941,86242544,neutral
"4,657th",B+ ,Gumbal,2763,989730,641245241,neutral
"4,658th",B+ ,knowledge master,806,-- ,248868112,neutral
"4,659th",B+ ,NewMelody,303,373930,88715039,neutral
"4,660th",B+ ,MOMENTO DA CRIANÇA : CHILD'S…,565,2093276,540676088,neutral
"4,661st",B+ ,Малышарики,296,526890,416005746,neutral
"4,662nd",B+ ,Wow Sister Toy,450,992253,247284306,positive
"4,663rd",B+ ,Trillion - 8D Music,225,297708,51685733,neutral
"4,664th",B+ ,PTV Cricket,1351,-- ,132162672,neutral
"4,665th",B+ ,oblomoff,952,2925802,788535518,neutral
"4,666th",B+ ,Animal Planet,4737,2899616,1543446280,neutral
"4,667th",B+ ,KBS 안테나,4537,407565,400086125,neutral
"4,668th",B+ ,LA DIVAZA,111,7289257,472676060,neutral
"4,669th",B+ ,TTV BTW,69,-- ,11325628,neutral
"4,670th",B+ ,Матч ТВ,2116,688075,183189109,neutral
"4,671st",B+ ,Cyberpunk 2077,5,376009,39867906,neutral
"4,672nd",B+ ,Nando Moura,1511,2559741,537596828,neutral
"4,673rd",B+ ,KÖLN 50667 - NEWS,382,8858,10059813,neutral
"4,674th",B+ ,TV5 News,130256,1001273,735030481,neutral
"4,675th",B+ ,Niki and Gabi,385,6981602,817180229,neutral
"4,676th",B+ ,My TOP10 of Today,155,536916,157095169,neutral
"4,677th",B+ ,Игрули TV,207,260644,222613832,neutral
"4,678th",B+ ,قناة افلام اكشن…,158,367145,110586550,neutral
"4,679th",B+ ,Jarir Bookstore,527,191631,80324158,neutral
"4,680th",B+ ,Al Fondo hay Sitio,7039,1059526,1126422196,neutral
"4,681st",B+ ,Garnier México,46,33029,161871841,neutral
"4,682nd",B+ ,دانية شافعي DanyahShafei,240,1715058,640259249,neutral
"4,683rd",B+ ,Tang Takor,640,85346,36590615,neutral
"4,684th",B+ ,NeYoVEVO,130,2431139,1740459500,neutral
"4,685th",B+ ,Auf Streife,1113,521502,344344573,neutral
"4,686th",B+ ,OneTwo,110,1292032,274800465,neutral
"4,687th",B+ ,Nhạc sĩ Nguyễn Hậu,340,690553,418088353,neutral
"4,688th",B+ ,عالم الإبداع - Creative…,216,-- ,145773941,neutral
"4,689th",B+ ,Anderson Augusto Moreno,173,703705,135631677,neutral
"4,690th",B+ ,Поиграйка,432,741071,572644241,neutral
"4,691st",B+ ,Tizcall,68,-- ,108495917,neutral
"4,692nd",B+ ,Shaun the Sheep [ViệtNam],139,420941,253034526,neutral
"4,693rd",B+ ,Heróis em Geral,758,672138,310150801,neutral
"4,694th",B+ ,Tbilisi Music Factory,253,342244,80661081,neutral
"4,695th",B+ ,THESSALONIAN31N,557,169628,230184105,neutral
"4,696th",B+ ,My Tam,264,-- ,538371669,neutral
"4,697th",B+ ,How Ridiculous,198,2944984,415212219,negative
"4,698th",B+ ,momo,18,71072,6033586,neutral
"4,699th",B+ ,Yummy Cake,184,198254,38209654,neutral
"4,700th",B+ ,New Smile Entertainment,2808,163801,68846374,positive
"4,701st",B+ ,NORMAN FAIT DES VIDÉOS,149,10956784,1944888412,neutral
"4,702nd",B+ ,ChristianNodalVEVO,12,1725609,977903086,neutral
"4,703rd",B+ ,LaSabri,1093,1502901,356090373,neutral
"4,704th",B+ ,Dumbazz,450,2008118,258882357,neutral
"4,705th",B+ ,Louie Rochester,73,-- ,75536179,neutral
"4,706th",B+ ,Funny Fingers TV,426,320015,138184507,positive
"4,707th",B+ ,Daniel Shaya,13,229733,54228571,neutral
"4,708th",B+ ,Village food factory,171,1826487,325951972,neutral
"4,709th",B+ ,Mythri Movie Makers,451,771870,359113559,neutral
"4,710th",B+ ,baby shark tv - fun for kids,214,297537,34675485,positive
"4,711th",B+ ,Kraul,2351,44463,10077276,neutral
"4,712th",B+ ,Lagu Anak TV,160,691833,321465874,neutral
"4,713th",B+ ,Filipino Fairy Tales,84,416481,190955997,neutral
"4,714th",B+ ,Machinima,24260,12462363,4366599198,neutral
"4,715th",B+ ,TinTon Tv,25,146046,34855675,neutral
"4,716th",B+ ,Mickey Baby Tv,47,-- ,39117306,neutral
"4,717th",B+ ,Bloveslife,598,877286,167696925,neutral
"4,718th",B+ ,Misterios Paranormales,238,400683,126049665,neutral
"4,719th",B+ ,luisitorey,544,8568122,1467335235,neutral
"4,720th",B+ ,Cadbury Silk,119,128815,168088147,neutral
"4,721st",B+ ,Lifia Niala,531,1309462,1056967526,neutral
"4,722nd",B+ ,Imran's Toy Reviews,1766,1578535,1226434290,neutral
"4,723rd",B+ ,ميني فيلم افلام…,156,327130,125735994,neutral
"4,724th",B+ ,Grizzy & les Lemmings,92,189393,53693273,neutral
"4,725th",B+ ,Maa Janki Series - Bhakti,2158,393496,84699994,neutral
"4,726th",B+ ,Mazaaq Raat Official,1475,985144,353663634,neutral
"4,727th",B+ ,Antena 1,32503,767552,754167799,neutral
"4,728th",B+ ,Verdade Política,3037,589995,163181540,neutral
"4,729th",B+ ,The Icing Artist,263,2445589,510079162,neutral
"4,730th",B+ ,Public TV | ಪಬ್ಲಿಕ್…,64019,812492,345120681,neutral
"4,731st",B+ ,Perfect Life,263,-- ,156462604,positive
"4,732nd",B+ ,Blitz,4033,1779457,536941556,neutral
"4,733rd",B+ ,UIE Movies,3049,888404,312748978,neutral
"4,734th",B+ ,YoYo TeLeViSion VietSub,756,344630,123167107,neutral
"4,735th",B+ ,Goldmines Dishoom,21,282465,31720611,neutral
"4,736th",B+ ,foofightersVEVO,70,1420511,1176078631,neutral
"4,737th",B+ ,키즈팡TV,842,638306,599514075,neutral
"4,738th",B+ ,EazyDrop,110,417849,39911260,neutral
"4,739th",B+ ,Radial by The Orchard,4999,1093618,1171780378,neutral
"4,740th",B+ ,DivertiGuay,394,903307,188770092,neutral
"4,741st",B+ ,DaftPunkVEVO,14,2425693,799380228,neutral
"4,742nd",B+ ,KingKennyTv,98,1407933,181567805,neutral
"4,743rd",B+ ,USA TODAY,19952,716126,830297926,neutral
"4,744th",B+ ,PULCINO PIO,88,3730907,2266057168,neutral
"4,745th",B+ ,Top Channel Albania,71136,514462,725647506,positive
"4,746th",B+ ,Đi Rừng & Làm Rẫy,228,693148,191189020,neutral
"4,747th",B+ ,BeritaSatuTV,132874,305667,270945052,neutral
"4,748th",B+ ,Gibi ASMR,305,1280826,307828402,neutral
"4,749th",B+ ,Samsung South Africa,311,-- ,96264871,neutral
"4,750th",B+ ,SelenaVEVO,26,655467,567064031,neutral
"4,751st",B+ ,Diki Duki Dariel,253,349689,129195310,neutral
"4,752nd",B+ ,Come on Kids Learn & Toys,170,952759,225809039,neutral
"4,753rd",B+ ,Abu music,6,967875,359342197,neutral
"4,754th",B+ ,UmiKids,1233,530147,449872770,neutral
"4,755th",B+ ,Bollygrad Studioz,1372,676770,141597007,neutral
"4,756th",B+ ,moviecollectionjp,16045,421034,808283956,neutral
"4,757th",B+ ,jogodoido1,129,474716,536504703,neutral
"4,758th",B+ ,canalestrellatv,31100,902015,747309845,neutral
"4,759th",B+ ,نايف&نواف /naif.nawaf,122,336113,96226641,neutral
"4,760th",B+ ,Real Time with Bill Maher,1455,1444549,524903789,positive
"4,761st",B+ ,Isaias Saad,9,380534,63609155,neutral
"4,762nd",B+ ,Debbie Doo Kids TV,125,790253,601828436,neutral
"4,763rd",B+ ,CloudKid,911,2365301,650705454,neutral
"4,764th",B+ ,AdamThomasMoran,481,9522573,1945813869,neutral
"4,765th",B+ ,Danny Letras,722,1092545,1041435793,neutral
"4,766th",B+ ,ToyTV - Khủng long bạo chúa,468,586033,293408690,negative
"4,767th",B+ ,ESRAWORLD,37,90934,2038173,neutral
"4,768th",B+ ,Sen Vàng Tivi,9530,743082,661876773,neutral
"4,769th",B+ ,Vidya Vox,34,4896720,481216349,neutral
"4,770th",B+ ,Comicbook.com,4346,891366,914659533,neutral
"4,771st",B+ ,Lazada Việt Nam,168,78166,129517558,neutral
"4,772nd",B+ ,العالمية للترفية HD,231,-- ,36001078,neutral
"4,773rd",B+ ,HD Songs Bollywood,67,2573251,31925394,neutral
"4,774th",B+ ,Whattheduck,523,1014454,531456854,neutral
"4,775th",B+ ,Black Beard Projects,124,626636,86445880,negative
"4,776th",B+ ,Wu Tang Collection,1915,452491,241749237,neutral
"4,777th",B+ ,Ben 10,258,439089,234320528,neutral
"4,778th",B+ ,ماوكلي,82,2228894,288823066,neutral
"4,779th",B+ ,Mannie and Genecia,476,669340,153571707,neutral
"4,780th",B+ ,Awesome Toys,5,975349,164046398,positive
"4,781st",B+ ,ゴウキ/Gouki BOOK,789,278919,258643106,neutral
"4,782nd",B+ ,Sunita Agarwal,652,1460897,212126635,neutral
"4,783rd",B+ ,miguel marrujo,5,65997,10371424,neutral
"4,784th",B+ ,Onyx Family,106,1867345,284641708,neutral
"4,785th",B+ ,TonightShowNet,4015,574542,401250044,neutral
"4,786th",B+ ,paint colouring pages for kids tv,54,1612123,180505108,neutral
"4,787th",B+ ,Justin Wright S.,458,-- ,289623382,neutral
"4,788th",B+ ,CineBox Pictures,278,1208974,291798057,neutral
"4,789th",B+ ,三立台劇,4563,416813,482051586,neutral
"4,790th",B+ ,Discovery UK,2361,1386496,533584799,neutral
"4,791st",B+ ,MrLololoshka (Роман…,1595,5819744,1652673147,neutral
"4,792nd",B+ ,Kelli Maple,3407,904284,780078833,neutral
"4,793rd",B+ ,Mi Vietnam,60,3130,39907898,neutral
"4,794th",B+ ,Örümcek Adam Şimşek McQueen,345,501095,399090908,neutral
"4,795th",B+ ,Du Lịch Bụi,210,408483,150296066,neutral
"4,796th",B+ ,유라야놀자(Let's play YURA),794,462406,430800819,neutral
"4,797th",B+ ,Cidade do Carro - Desenhos Animados…,656,898502,496374196,neutral
"4,798th",B+ ,Wankil Studio - Laink et Terracid,558,1349572,516919282,neutral
"4,799th",B+ ,EDWIN DIAZTO,102,821690,388636462,neutral
"4,800th",B+ ,Luan Santana,278,6441875,2052936604,neutral
"4,801st",B+ ,Gjigandet e Vegjel,19,167146,36273204,neutral
"4,802nd",B+ ,Single Track Studio,1513,977589,488679303,negative
"4,803rd",B+ ,News Now,4234,-- ,240258091,neutral
"4,804th",B+ ,Happy Toy Dolls,194,657427,138235916,positive
"4,805th",B+ ,Funny Commercials,356,388441,208670884,positive
"4,806th",B+ ,BBC News,8864,3119930,850355184,neutral
"4,807th",B+ ,Funtap Game,782,1466,65498471,negative
"4,808th",B+ ,Nancy Ajram,241,2373004,881503633,neutral
"4,809th",B+ ,NIVEA MEN Indonesia,35,19416,68418856,neutral
"4,810th",B+ ,Red Panda,315,375946,165847713,neutral
"4,811th",B+ ,Макс Ващенко,82,879468,91664348,neutral
"4,812th",B+ ,tanvi emitra,23,284025,67314123,neutral
"4,813th",B+ ,Top5Central,607,3793259,723692651,neutral
"4,814th",B+ ,Luisito Kingdom,87,1861616,61099757,neutral
"4,815th",B+ ,Brendan Kavanagh,869,188337,114610050,neutral
"4,816th",B+ ,Tiny Turtle - Fortnite,2960,3865229,2313734440,neutral
"4,817th",B+ ,xxYjYxx,184,915607,78033644,neutral
"4,818th",B+ ,Silo Entertainment,520,2384236,272881167,neutral
"4,819th",B+ ,Vision TV,126,254953,140582816,neutral
"4,820th",B+ ,Indian Daily News And Entertainment…,930,497212,217370730,neutral
"4,821st",B+ ,BOXX MUSIC,174,456106,261740897,neutral
"4,822nd",B+ ,Antrax,316,7420218,952179970,neutral
"4,823rd",B+ ,مشاهيرنا,350,-- ,51775617,neutral
"4,824th",B+ ,Moviebox Record Label,3276,1634063,841001819,neutral
"4,825th",B+ ,鈴川絢子/Suzukawa Ayako,1570,517962,623983009,neutral
"4,826th",B+ ,Brandon Rogers,168,4467143,645559095,neutral
"4,827th",B+ ,Honiro,1384,703716,410680222,neutral
"4,828th",B+ ,Tree Animation,18,1208668,235957306,neutral
"4,829th",B+ ,Mohamed AlSalim | محمد…,144,2873330,963678387,neutral
"4,830th",B+ ,PS Daily,140,332740,70823787,neutral
"4,831st",B+ ,X Music - Bolero,194,318838,150847944,neutral
"4,832nd",B+ ,WildBrain – Kids Videos,1449,1265381,704083663,neutral
"4,833rd",B+ ,SK-II Japan,173,42869,284399036,neutral
"4,834th",B+ ,Kyler and Mad,328,2221793,342778333,negative
"4,835th",B+ ,NTV Entertainment,2504,107229,43505019,neutral
"4,836th",B+ ,ウマヅラビデオ,349,462882,121687374,neutral
"4,837th",B+ ,CARS 4 KIDS,478,-- ,1643267574,neutral
"4,838th",B+ ,Conor Maynard,247,8140377,1596625438,neutral
"4,839th",B+ ,Godenot,4333,2462268,692860759,neutral
"4,840th",B+ ,thinkThin,37,1780,11542380,neutral
"4,841st",B+ ,Fantastic Adventures,26,205697,50350200,positive
"4,842nd",B+ ,camilaVEVO,81,2074598,1794207739,neutral
"4,843rd",B+ ,Zkylixx,9,91842,9747688,neutral
"4,844th",B+ ,perfect status,166,166852,47520251,positive
"4,845th",B+ ,Khatulistiwa Record,132,-- ,153432783,neutral
"4,846th",B+ ,Alexunea TV,489,601996,230598391,neutral
"4,847th",B+ ,RahatFAKhanVEVO,3,1477124,496855768,neutral
"4,848th",B+ ,Yuvan Shankar Raja,220,436221,96930418,neutral
"4,849th",B+ ,Little Big,43,1807800,326606982,negative
"4,850th",B+ ,SAMURAI Clips,171,189703,66871275,neutral
"4,851st",B+ ,Humberto Contreras,310,1168566,1128485040,neutral
"4,852nd",B+ ,Muhammed Nalça,24,107409,50383505,neutral
"4,853rd",B+ ,BD Media Music,209,263845,128379117,neutral
"4,854th",B+ ,DramaAlert,899,4250220,891451164,neutral
"4,855th",B+ ,Sonic Islamic (سونک…,1137,779554,202960933,neutral
"4,856th",B+ ,Unisys Music,777,1643420,639612714,neutral
"4,857th",B+ ,ToniBraxtonVEVO,39,923010,709416063,neutral
"4,858th",B+ ,BloodyVids,284,1444973,376341574,neutral
"4,859th",B+ ,UnspeakablePlays,433,1748983,263108427,neutral
"4,860th",B+ ,MondoMedia,1498,3773340,2543022080,neutral
"4,861st",B+ ,We Are Kids United,78,1632138,812572935,neutral
"4,862nd",B+ ,channel of batsu game,744,4559,14498333,negative
"4,863rd",B+ ,Седьмой канал - 7…,17418,954646,607617274,neutral
"4,864th",B+ ,New Blaker,23,45163,13121436,positive
"4,865th",B+ ,My Disney Toys,369,1873227,852094911,neutral
"4,866th",B+ ,Indian Tele Tadka,378,581503,242888565,neutral
"4,867th",B+ ,Сила Слова,5378,312534,261115783,neutral
"4,868th",B+ ,Wismichu,306,7584971,1010531417,neutral
"4,869th",B+ ,Cambodia Daily KH,33,142060,42801526,neutral
"4,870th",B+ ,B4U Mini Theatre,273,364053,143656933,neutral
"4,871st",B+ ,ゆきりぬ,654,813260,188641985,neutral
"4,872nd",B+ ,เรื่องเล่า…,2330,459899,130636281,neutral
"4,873rd",B+ ,Dutch Lady Việt Nam,219,99646,223121594,neutral
"4,874th",B+ ,ToeiPrettyGuardians,1248,152010,249872393,neutral
"4,875th",B+ ,Trav and Cor,114,1315844,239025525,neutral
"4,876th",B+ ,aeonretail,66,4889,7820686,neutral
"4,877th",B+ ,BeamNG-Destruction,671,322803,191756413,neutral
"4,878th",B+ ,Fonseca,168,651710,384528967,neutral
"4,879th",B+ ,TOYSBR Parque dos Brinquedos…,829,3262259,1734170639,neutral
"4,880th",B+ ,Canal Regional Mexicano,7,49127,51562445,neutral
"4,881st",B+ ,Ally Law,177,1856132,189440394,neutral
"4,882nd",B+ ,Official iNews,55612,300691,224713552,neutral
"4,883rd",B+ ,DAYMOLITION,3521,1303563,500225972,neutral
"4,884th",B+ ,leorojasVEVO,13,657979,368417477,neutral
"4,885th",B+ ,จัดอันดับ TV,162,2085984,303572709,neutral
"4,886th",B+ ,Kiera Bridget,199,1597666,103608177,neutral
"4,887th",B+ ,Xpose News,40476,-- ,204810831,neutral
"4,888th",B+ ,FUNK EXPLODE,575,736425,192457875,neutral
"4,889th",B+ ,FORTNITE IS MY CITY,552,107329,75529051,neutral
"4,890th",B+ ,Wama,1991,609894,257379642,neutral
"4,891st",B+ ,BollywoodKilla,5702,436971,141741900,neutral
"4,892nd",B+ ,SteveTheGamer55,2701,1579096,454676633,neutral
"4,893rd",B+ ,Everything For U,184,-- ,69313209,neutral
"4,894th",B+ ,VB Musicas,71,-- ,48275804,neutral
"4,895th",B+ ,Neha ki pathsala,146,413909,50400194,neutral
"4,896th",B+ ,Totoykids Explorer,165,-- ,363738234,neutral
"4,897th",B+ ,Arena Closer,304,542421,87498704,neutral
"4,898th",B+ ,Blox4Fun,1059,285697,214090692,neutral
"4,899th",  ,ExzoticSlice,--,99785,9745292,neutral
"4,900th",B+ ,Mantex & Mina,269,612606,126907631,neutral
"4,901st",B+ ,jaby koay,1902,752644,486109194,neutral
"4,902nd",B+ ,YouTube Nigerian Movies,700,829103,253123384,neutral
"4,903rd",B+ ,Скорти,1312,1741173,590610337,neutral
"4,904th",B+ ,clips mix,2677,1840872,1341835076,neutral
"4,905th",B+ ,Rahma Riad,22,176754,40437843,neutral
"4,906th",B+ ,معلومه في كتاب,201,1673693,268348917,neutral
"4,907th",B+ ,Mahendra Guru : Online Videos For…,5401,2693627,283889168,neutral
"4,908th",B+ ,がっちゃんねる★TheGacchannel…,619,700337,1016978735,neutral
"4,909th",B+ ,Lukas Graham,49,2757622,1033092421,neutral
"4,910th",B+ ,HRVYVEVO,8,1105739,243588357,neutral
"4,911th",B+ ,DramaFever Latino,5227,1086929,547149067,neutral
"4,912th",B+ ,Telenovelas Mx-BR,893,93653,51446756,neutral
"4,913th",B+ ,اخترنا لك,775,-- ,95271752,neutral
"4,914th",B+ ,Elevation Worship,320,1003080,411677612,neutral
"4,915th",B+ ,SOLO,1367,445659,173932122,neutral
"4,916th",B+ ,NGworld,320,1031787,137464342,neutral
"4,917th",B+ ,fouseyTUBE,2,10523367,593861,neutral
"4,918th",B+ ,TGFbro,378,4259716,749365673,neutral
"4,919th",B+ ,Dread Mar I - Oficial,85,2361455,430743341,neutral
"4,920th",B+ ,ToyFamily,576,1805482,1075066645,neutral
"4,921st",B+ ,JenniRiveraVEVO,35,1314523,965469696,neutral
"4,922nd",B+ ,VFF Channel,1795,515143,167407345,neutral
"4,923rd",B+ ,هل تعلم؟,1003,5984007,772482299,neutral
"4,924th",B+ ,KrazyGummy,1102,669884,627700268,neutral
"4,925th",B+ ,XAmbassadorsVEVO,68,685213,381313822,neutral
"4,926th",B+ ,Joe Weller,313,5088564,966569893,neutral
"4,927th",B+ ,Tomat Lebay,158,513436,180400520,neutral
"4,928th",B+ ,Breeze Thailand,226,181747,100860450,neutral
"4,929th",B+ ,Germany's next Topmodel,1235,517643,841162492,neutral
"4,930th",B+ ,Dan and Riya,322,541904,160196800,neutral
"4,931st",B+ ,TomoNews US,21001,2336881,2378869886,neutral
"4,932nd",B+ ,Guardian News,2738,191054,228670813,neutral
"4,933rd",B+ ,Jokes PK,317,80664,21626651,neutral
"4,934th",B+ ,Fozi Mozi English,26,176494,45144745,neutral
"4,935th",B+ ,Monique Harteveld,20,149451,55391842,neutral
"4,936th",B+ ,MediaoneTV Live,73616,685132,334150601,positive
"4,937th",B+ ,李婶儿说电影,139,-- ,53572147,neutral
"4,938th",B+ ,Cakes StepByStep,267,2427534,604260150,neutral
"4,939th",B+ ,Florida Georgia Line - Topic,171,16298,13388670,neutral
"4,940th",B+ ,alpha m.,878,4358675,577671512,neutral
"4,941st",B+ ,Ляпота ТВ,218,693344,145471180,neutral
"4,942nd",B+ ,GMTV,183,-- ,127080542,neutral
"4,943rd",B+ ,Brian Sobrevilla,194,2332239,160200815,neutral
"4,944th",B+ ,hoshinogen official channel,16,644094,404926957,neutral
"4,945th",B+ ,SMG上海电视台官方频道 SMG…,40768,844629,947954536,neutral
"4,946th",B+ ,The Spectors,72,114732,27100765,neutral
"4,947th",B+ ,AitanaVEVO,2,256772,40160161,neutral
"4,948th",B+ ,Febatista,3514,2828251,568136797,neutral
"4,949th",B+ ,Keivon ToysReview,468,-- ,481568513,neutral
"4,950th",B+ ,CBR,617,1335725,315781396,neutral
"4,951st",B+ ,Khan Academy,7115,4226221,1581769422,neutral
"4,952nd",B+ ,TuTiTu Türkçe,232,46561,14631166,neutral
"4,953rd",B+ ,Kids Tv Italiano - canzoni per…,625,732170,567599464,neutral
"4,954th",B+ ,Loose Women,9178,217593,279505979,negative
"4,955th",B+ ,AmazingSingles,102,326911,226906824,neutral
"4,956th",B+ ,Lowlight TV,234,219627,174420747,neutral
"4,957th",B+ ,CLICKNEWS,2661,-- ,139940815,neutral
"4,958th",B+ ,Taco Hemingway,77,1084554,400561026,neutral
"4,959th",B+ ,Viros,1642,2401920,195608232,neutral
"4,960th",B+ ,Дима Масленников,232,3700908,424256710,neutral
"4,961st",B+ ,Soltana - سلطانة,4027,911253,277468967,neutral
"4,962nd",B+ ,ONE Championship,905,-- ,109836654,neutral
"4,963rd",B+ ,LIT killah,4,1048582,124275622,neutral
"4,964th",B+ ,EchorouknewsTV,57609,913153,288798203,neutral
"4,965th",B+ ,슈기님,1134,1454553,365489767,neutral
"4,966th",B+ ,PlayEven Fashions,986,425918,93521273,neutral
"4,967th",B+ ,Baxtrix,1871,752601,371806433,neutral
"4,968th",B+ ,fishmarketbd,293,383644,122606879,neutral
"4,969th",B+ ,Eglence tv,499,365374,155343517,neutral
"4,970th",B+ ,Oleg Zotov,110,58780,11942164,neutral
"4,971st",B+ ,Chilevisión,13547,885667,596835119,neutral
"4,972nd",B+ ,SonyLIV,1206,2414713,483072980,neutral
"4,973rd",B+ ,Fanatik Klasik Film,2071,673787,509406756,neutral
"4,974th",B+ ,ของเล่นแสนสนุก…,202,829870,310449113,neutral
"4,975th",B+ ,Rahim Pardesi,153,1436546,498989227,neutral
"4,976th",B+ ,Funny Kids,1,150091,21933876,positive
"4,977th",B+ ,AvonBR,297,229079,343820279,neutral
"4,978th",B+ ,Disney Channel Africa,2184,638404,596218763,neutral
"4,979th",B+ ,Рома Светленький,49,106628,20229141,neutral
"4,980th",B+ ,MonkeyBoo,707,1558006,441243129,neutral
"4,981st",B+ ,Screen Junkies,878,6532616,2090085291,neutral
"4,982nd",B+ ,Luli60able,5,158905,119924990,neutral
"4,983rd",B+ ,채널A Home,9876,647435,827849271,neutral
"4,984th",B+ ,Машинка Игрушка,242,219238,116728609,neutral
"4,985th",B+ ,Jean L,2116,2875705,673550521,neutral
"4,986th",B+ ,AndreaBocelliVEVO,191,820381,485771289,neutral
"4,987th",B+ ,CidadeAlertaRecord,7299,1123300,346376750,neutral
"4,988th",B+ ,YouANDi Games,1358,1536819,424688400,neutral
"4,989th",B+ ,GREAT IDEAS GREAT LIFE,80,1349511,46911690,positive
"4,990th",B+ ,Kukuli,219,660742,437197125,neutral
"4,991st",B+ ,Ho Ngoc Ha's Official Channel,208,-- ,127185704,neutral
"4,992nd",B+ ,Toys to Learn Colors,11,663114,141933264,neutral
"4,993rd",B+ ,КАZКА,25,131766,74304638,neutral
"4,994th",B+ ,United CUBE (CUBE Entertainment…,1055,1586835,371299166,neutral
"4,995th",B+ ,Wings Marathi,1735,1099659,346175699,neutral
"4,996th",B+ ,Uras Benlioğlu,706,2072942,441202795,neutral
"4,997th",B+ ,HI-TECH MUSIC LTD,797,1055091,377331722,neutral
"4,998th",B+ ,Mastersaint,110,3265735,311758426,neutral
"4,999th",B+ ,Bruce McIntosh,3475,32990,14563764,neutral
"5,000th",B+ ,SehatAQUA,254,21172,73312511,neutral
